Domain Code,Domain,Area Code (M49),Area,Element Code,Element,Item Code (CPC),Item,Year Code,Year,Unit,Value,Flag,Flag Description,Note
QCL,Crops and livestock products,004,Afghanistan,5111,Stocks,02111,Cattle,2024,2024,An,5555383,E,Estimated value,
QCL,Crops and livestock products,004,Afghanistan,5111,Stocks,02123,Goats,2024,2024,An,8190291,E,Estimated value,
QCL,Crops and livestock products,004,Afghanistan,5313,Laying,0231,"Hen eggs in shell, fresh",2024,2024,1000 An,10361,I,Value imputed by a receiving agency,
QCL,Crops and livestock products,004,Afghanistan,5321,Producing Animals/Slaughtered,21121,"Meat of chickens, fresh or chilled",2024,2024,1000 An,33865,I,Value imputed by a receiving agency,
QCL,Crops and livestock products,004,Afghanistan,5111,Stocks,02122,Sheep,2024,2024,An,12450000,E,Estimated value,
QCL,Crops and livestock products,008,Albania,5111,Stocks,02111,Cattle,2024,2024,An,272035,A,Official value,
QCL,Crops and livestock products,008,Albania,5111,Stocks,02123,Goats,2024,2024,An,615188,A,Official value,
QCL,Crops and livestock products,008,Albania,5313,Laying,0231,"Hen eggs in shell, fresh",2024,2024,1000 An,4557,A,Official value,
QCL,Crops and livestock products,008,Albania,5321,Producing Animals/Slaughtered,21121,"Meat of chickens, fresh or chilled",2024,2024,1000 An,11480,A,Official value,
QCL,Crops and livestock products,008,Albania,5111,Stocks,02122,Sheep,2024,2024,An,1176523,A,Official value,
QCL,Crops and livestock products,008,Albania,5111,Stocks,02140,Swine / pigs,2024,2024,An,104042,A,Official value,
QCL,Crops and livestock products,012,Algeria,5111,Stocks,02111,Cattle,2024,2024,An,1782454,I,Value imputed by a receiving agency,
QCL,Crops and livestock products,012,Algeria,5111,Stocks,02123,Goats,2024,2024,An,5071523,I,Value imputed by a receiving agency,
QCL,Crops and livestock products,012,Algeria,5313,Laying,0231,"Hen eggs in shell, fresh",2024,2024,1000 An,22628,E,Estimated value,
QCL,Crops and livestock products,012,Algeria,5321,Producing Animals/Slaughtered,21121,"Meat of chickens, fresh or chilled",2024,2024,1000 An,378772,E,Estimated value,
QCL,Crops and livestock products,012,Algeria,5111,Stocks,02122,Sheep,2024,2024,An,32354831,I,Value imputed by a receiving agency,
QCL,Crops and livestock products,012,Algeria,5111,Stocks,02140,Swine / pigs,2024,2024,An,4808,I,Value imputed by a receiving agency,
QCL,Crops and livestock products,024,Angola,5111,Stocks,02111,Cattle,2024,2024,An,5200294,I,Value imputed by a receiving agency,
QCL,Crops and livestock products,024,Angola,5111,Stocks,02123,Goats,2024,2024,An,4270675,I,Value imputed by a receiving agency,
QCL,Crops and livestock products,024,Angola,5313,Laying,0231,"Hen eggs in shell, fresh",2024,2024,1000 An,35521,E,Estimated value,
QCL,Crops and livestock products,024,Angola,5321,Producing Animals/Slaughtered,21121,"Meat of chickens, fresh or chilled",2024,2024,1000 An,60820,I,Value imputed by a receiving agency,
QCL,Crops and livestock products,024,Angola,5111,Stocks,02122,Sheep,2024,2024,An,1140494,I,Value imputed by a receiving agency,
QCL,Crops and livestock products,024,Angola,5111,Stocks,02140,Swine / pigs,2024,2024,An,3188105,E,Estimated value,
QCL,Crops and livestock products,028,Antigua and Barbuda,5111,Stocks,02111,Cattle,2024,2024,An,4500,E,Estimated value,
QCL,Crops and livestock products,028,Antigua and Barbuda,5111,Stocks,02123,Goats,2024,2024,An,15000,E,Estimated value,
QCL,Crops and livestock products,028,Antigua and Barbuda,5313,Laying,0231,"Hen eggs in shell, fresh",2024,2024,1000 An,34,A,Official value,
QCL,Crops and livestock products,028,Antigua and Barbuda,5321,Producing Animals/Slaughtered,21121,"Meat of chickens, fresh or chilled",2024,2024,1000 An,5,A,Official value,
QCL,Crops and livestock products,028,Antigua and Barbuda,5111,Stocks,02122,Sheep,2024,2024,An,4473,I,Value imputed by a receiving agency,
QCL,Crops and livestock products,028,Antigua and Barbuda,5111,Stocks,02140,Swine / pigs,2024,2024,An,4984,I,Value imputed by a receiving agency,
QCL,Crops and livestock products,032,Argentina,5111,Stocks,02111,Cattle,2024,2024,An,52783892,A,Official value,
QCL,Crops and livestock products,032,Argentina,5111,Stocks,02123,Goats,2024,2024,An,4121846,A,Official value,
QCL,Crops and livestock products,032,Argentina,5313,Laying,0231,"Hen eggs in shell, fresh",2024,2024,1000 An,57700,X,Value from external organization,Unofficial figure
QCL,Crops and livestock products,032,Argentina,5321,Producing Animals/Slaughtered,21121,"Meat of chickens, fresh or chilled",2024,2024,1000 An,739166,A,Official value,
QCL,Crops and livestock products,032,Argentina,5111,Stocks,02122,Sheep,2024,2024,An,12440906,A,Official value,
QCL,Crops and livestock products,032,Argentina,5111,Stocks,02140,Swine / pigs,2024,2024,An,6115215,A,Official value,
QCL,Crops and livestock products,051,Armenia,5111,Stocks,02111,Cattle,2024,2024,An,491594,A,Official value,
QCL,Crops and livestock products,051,Armenia,5111,Stocks,02123,Goats,2024,2024,An,19486,A,Official value,
QCL,Crops and livestock products,051,Armenia,5313,Laying,0231,"Hen eggs in shell, fresh",2024,2024,1000 An,2654,A,Official value,
QCL,Crops and livestock products,051,Armenia,5321,Producing Animals/Slaughtered,21121,"Meat of chickens, fresh or chilled",2024,2024,1000 An,12968,E,Estimated value,
QCL,Crops and livestock products,051,Armenia,5111,Stocks,02122,Sheep,2024,2024,An,690565,A,Official value,
QCL,Crops and livestock products,051,Armenia,5111,Stocks,02140,Swine / pigs,2024,2024,An,186951,A,Official value,
QCL,Crops and livestock products,036,Australia,5111,Stocks,02111,Cattle,2024,2024,An,30372537,A,Official value,
QCL,Crops and livestock products,036,Australia,5111,Stocks,02123,Goats,2024,2024,An,5400000,E,Estimated value,
QCL,Crops and livestock products,036,Australia,5313,Laying,0231,"Hen eggs in shell, fresh",2024,2024,1000 An,16536,I,Value imputed by a receiving agency,
QCL,Crops and livestock products,036,Australia,5321,Producing Animals/Slaughtered,21121,"Meat of chickens, fresh or chilled",2024,2024,1000 An,740976,A,Official value,
QCL,Crops and livestock products,036,Australia,5111,Stocks,02122,Sheep,2024,2024,An,79330000,E,Estimated value,
QCL,Crops and livestock products,036,Australia,5111,Stocks,02140,Swine / pigs,2024,2024,An,2497379,I,Value imputed by a receiving agency,
QCL,Crops and livestock products,040,Austria,5111,Stocks,02111,Cattle,2024,2024,An,1820030,A,Official value,
QCL,Crops and livestock products,040,Austria,5111,Stocks,02123,Goats,2024,2024,An,95810,A,Official value,
QCL,Crops and livestock products,040,Austria,5111,Stocks,02122,Sheep,2024,2024,An,390940,A,Official value,
QCL,Crops and livestock products,040,Austria,5111,Stocks,02140,Swine / pigs,2024,2024,An,2534440,A,Official value,
QCL,Crops and livestock products,031,Azerbaijan,5111,Stocks,02111,Cattle,2024,2024,An,2329506,I,Value imputed by a receiving agency,
QCL,Crops and livestock products,031,Azerbaijan,5111,Stocks,02123,Goats,2024,2024,An,410000,E,Estimated value,
QCL,Crops and livestock products,031,Azerbaijan,5313,Laying,0231,"Hen eggs in shell, fresh",2024,2024,1000 An,14204,E,Estimated value,
QCL,Crops and livestock products,031,Azerbaijan,5321,Producing Animals/Slaughtered,21121,"Meat of chickens, fresh or chilled",2024,2024,1000 An,110723,E,Estimated value,
QCL,Crops and livestock products,031,Azerbaijan,5111,Stocks,02122,Sheep,2024,2024,An,7041901,E,Estimated value,
QCL,Crops and livestock products,031,Azerbaijan,5111,Stocks,02140,Swine / pigs,2024,2024,An,5304,E,Estimated value,
QCL,Crops and livestock products,044,Bahamas,5111,Stocks,02111,Cattle,2024,2024,An,743,I,Value imputed by a receiving agency,
QCL,Crops and livestock products,044,Bahamas,5111,Stocks,02123,Goats,2024,2024,An,15132,I,Value imputed by a receiving agency,
QCL,Crops and livestock products,044,Bahamas,5313,Laying,0231,"Hen eggs in shell, fresh",2024,2024,1000 An,118,I,Value imputed by a receiving agency,
QCL,Crops and livestock products,044,Bahamas,5321,Producing Animals/Slaughtered,21121,"Meat of chickens, fresh or chilled",2024,2024,1000 An,5162,E,Estimated value,
QCL,Crops and livestock products,044,Bahamas,5111,Stocks,02122,Sheep,2024,2024,An,6590,I,Value imputed by a receiving agency,
QCL,Crops and livestock products,044,Bahamas,5111,Stocks,02140,Swine / pigs,2024,2024,An,5021,I,Value imputed by a receiving agency,
QCL,Crops and livestock products,048,Bahrain,5111,Stocks,02111,Cattle,2024,2024,An,7000,A,Official value,
QCL,Crops and livestock products,048,Bahrain,5111,Stocks,02123,Goats,2024,2024,An,24500,A,Official value,
QCL,Crops and livestock products,048,Bahrain,5313,Laying,0231,"Hen eggs in shell, fresh",2024,2024,1000 An,450,A,Official value,
QCL,Crops and livestock products,048,Bahrain,5321,Producing Animals/Slaughtered,21121,"Meat of chickens, fresh or chilled",2024,2024,1000 An,9884,A,Official value,
QCL,Crops and livestock products,048,Bahrain,5111,Stocks,02122,Sheep,2024,2024,An,63000,A,Official value,
QCL,Crops and livestock products,050,Bangladesh,5111,Stocks,02111,Cattle,2024,2024,An,25013000,A,Official value,
QCL,Crops and livestock products,050,Bangladesh,5111,Stocks,02123,Goats,2024,2024,An,27117000,A,Official value,
QCL,Crops and livestock products,050,Bangladesh,5313,Laying,0231,"Hen eggs in shell, fresh",2024,2024,1000 An,243808,E,Estimated value,
QCL,Crops and livestock products,050,Bangladesh,5321,Producing Animals/Slaughtered,21121,"Meat of chickens, fresh or chilled",2024,2024,1000 An,332218,I,Value imputed by a receiving agency,
QCL,Crops and livestock products,050,Bangladesh,5111,Stocks,02122,Sheep,2024,2024,An,3903000,A,Official value,
QCL,Crops and livestock products,052,Barbados,5111,Stocks,02111,Cattle,2024,2024,An,11241,E,Estimated value,
QCL,Crops and livestock products,052,Barbados,5111,Stocks,02123,Goats,2024,2024,An,5655,I,Value imputed by a receiving agency,
QCL,Crops and livestock products,052,Barbados,5313,Laying,0231,"Hen eggs in shell, fresh",2024,2024,1000 An,1075,I,Value imputed by a receiving agency,
QCL,Crops and livestock products,052,Barbados,5321,Producing Animals/Slaughtered,21121,"Meat of chickens, fresh or chilled",2024,2024,1000 An,9128,E,Estimated value,
QCL,Crops and livestock products,052,Barbados,5111,Stocks,02122,Sheep,2024,2024,An,12718,I,Value imputed by a receiving agency,
QCL,Crops and livestock products,052,Barbados,5111,Stocks,02140,Swine / pigs,2024,2024,An,24725,I,Value imputed by a receiving agency,
QCL,Crops and livestock products,112,Belarus,5111,Stocks,02111,Cattle,2024,2024,An,4097900,A,Official value,
QCL,Crops and livestock products,112,Belarus,5111,Stocks,02123,Goats,2024,2024,An,48000,A,Official value,
QCL,Crops and livestock products,112,Belarus,5313,Laying,0231,"Hen eggs in shell, fresh",2024,2024,1000 An,20232,E,Estimated value,
QCL,Crops and livestock products,112,Belarus,5321,Producing Animals/Slaughtered,21121,"Meat of chickens, fresh or chilled",2024,2024,1000 An,512300,I,Value imputed by a receiving agency,
QCL,Crops and livestock products,112,Belarus,5111,Stocks,02122,Sheep,2024,2024,An,74000,A,Official value,
QCL,Crops and livestock products,112,Belarus,5111,Stocks,02140,Swine / pigs,2024,2024,An,2197300,A,Official value,
QCL,Crops and livestock products,056,Belgium,5111,Stocks,02111,Cattle,2024,2024,An,2153430,A,Official value,
QCL,Crops and livestock products,056,Belgium,5321,Producing Animals/Slaughtered,21121,"Meat of chickens, fresh or chilled",2024,2024,1000 An,309705,A,Official value,
QCL,Crops and livestock products,056,Belgium,5111,Stocks,02140,Swine / pigs,2024,2024,An,5375200,A,Official value,
QCL,Crops and livestock products,084,Belize,5111,Stocks,02111,Cattle,2024,2024,An,99019,I,Value imputed by a receiving agency,
QCL,Crops and livestock products,084,Belize,5111,Stocks,02123,Goats,2024,2024,An,193,I,Value imputed by a receiving agency,
QCL,Crops and livestock products,084,Belize,5313,Laying,0231,"Hen eggs in shell, fresh",2024,2024,1000 An,707,E,Estimated value,
QCL,Crops and livestock products,084,Belize,5321,Producing Animals/Slaughtered,21121,"Meat of chickens, fresh or chilled",2024,2024,1000 An,13493,A,Official value,
QCL,Crops and livestock products,084,Belize,5111,Stocks,02122,Sheep,2024,2024,An,16798,I,Value imputed by a receiving agency,
QCL,Crops and livestock products,084,Belize,5111,Stocks,02140,Swine / pigs,2024,2024,An,13892,I,Value imputed by a receiving agency,
QCL,Crops and livestock products,204,Benin,5111,Stocks,02111,Cattle,2024,2024,An,2762716,A,Official value,
QCL,Crops and livestock products,204,Benin,5111,Stocks,02123,Goats,2024,2024,An,3839654,A,Official value,
QCL,Crops and livestock products,204,Benin,5313,Laying,0231,"Hen eggs in shell, fresh",2024,2024,1000 An,19049,A,Official value,
QCL,Crops and livestock products,204,Benin,5321,Producing Animals/Slaughtered,21121,"Meat of chickens, fresh or chilled",2024,2024,1000 An,26339,I,Value imputed by a receiving agency,
QCL,Crops and livestock products,204,Benin,5111,Stocks,02122,Sheep,2024,2024,An,2647421,A,Official value,
QCL,Crops and livestock products,204,Benin,5111,Stocks,02140,Swine / pigs,2024,2024,An,1104012,A,Official value,
QCL,Crops and livestock products,064,Bhutan,5111,Stocks,02111,Cattle,2024,2024,An,257103,A,Official value,
QCL,Crops and livestock products,064,Bhutan,5111,Stocks,02123,Goats,2024,2024,An,55819,A,Official value,
QCL,Crops and livestock products,064,Bhutan,5313,Laying,0231,"Hen eggs in shell, fresh",2024,2024,1000 An,755,E,Estimated value,
QCL,Crops and livestock products,064,Bhutan,5321,Producing Animals/Slaughtered,21121,"Meat of chickens, fresh or chilled",2024,2024,1000 An,1290,I,Value imputed by a receiving agency,
QCL,Crops and livestock products,064,Bhutan,5111,Stocks,02122,Sheep,2024,2024,An,9176,A,Official value,
QCL,Crops and livestock products,064,Bhutan,5111,Stocks,02140,Swine / pigs,2024,2024,An,34059,A,Official value,
QCL,Crops and livestock products,068,Bolivia (Plurinational State of),5111,Stocks,02111,Cattle,2024,2024,An,11245622,A,Official value,
QCL,Crops and livestock products,068,Bolivia (Plurinational State of),5111,Stocks,02123,Goats,2024,2024,An,2273735,A,Official value,
QCL,Crops and livestock products,068,Bolivia (Plurinational State of),5313,Laying,0231,"Hen eggs in shell, fresh",2024,2024,1000 An,26778,E,Estimated value,
QCL,Crops and livestock products,068,Bolivia (Plurinational State of),5321,Producing Animals/Slaughtered,21121,"Meat of chickens, fresh or chilled",2024,2024,1000 An,198237,E,Estimated value,
QCL,Crops and livestock products,068,Bolivia (Plurinational State of),5111,Stocks,02122,Sheep,2024,2024,An,7470438,A,Official value,
QCL,Crops and livestock products,068,Bolivia (Plurinational State of),5111,Stocks,02140,Swine / pigs,2024,2024,An,3143989,A,Official value,
QCL,Crops and livestock products,070,Bosnia and Herzegovina,5111,Stocks,02111,Cattle,2024,2024,An,383331,A,Official value,
QCL,Crops and livestock products,070,Bosnia and Herzegovina,5111,Stocks,02123,Goats,2024,2024,An,62162,A,Official value,
QCL,Crops and livestock products,070,Bosnia and Herzegovina,5313,Laying,0231,"Hen eggs in shell, fresh",2024,2024,1000 An,3794,A,Official value,
QCL,Crops and livestock products,070,Bosnia and Herzegovina,5321,Producing Animals/Slaughtered,21121,"Meat of chickens, fresh or chilled",2024,2024,1000 An,45823,A,Official value,
QCL,Crops and livestock products,070,Bosnia and Herzegovina,5111,Stocks,02122,Sheep,2024,2024,An,1098899,A,Official value,
QCL,Crops and livestock products,070,Bosnia and Herzegovina,5111,Stocks,02140,Swine / pigs,2024,2024,An,447474,A,Official value,
QCL,Crops and livestock products,072,Botswana,5111,Stocks,02111,Cattle,2024,2024,An,918057,I,Value imputed by a receiving agency,
QCL,Crops and livestock products,072,Botswana,5111,Stocks,02123,Goats,2024,2024,An,1205792,E,Estimated value,
QCL,Crops and livestock products,072,Botswana,5313,Laying,0231,"Hen eggs in shell, fresh",2024,2024,1000 An,696,E,Estimated value,
QCL,Crops and livestock products,072,Botswana,5321,Producing Animals/Slaughtered,21121,"Meat of chickens, fresh or chilled",2024,2024,1000 An,2312,E,Estimated value,
QCL,Crops and livestock products,072,Botswana,5111,Stocks,02122,Sheep,2024,2024,An,148744,E,Estimated value,
QCL,Crops and livestock products,072,Botswana,5111,Stocks,02140,Swine / pigs,2024,2024,An,7083,E,Estimated value,
QCL,Crops and livestock products,076,Brazil,5111,Stocks,02111,Cattle,2024,2024,An,238180757,A,Official value,
QCL,Crops and livestock products,076,Brazil,5111,Stocks,02123,Goats,2024,2024,An,13292844,A,Official value,
QCL,Crops and livestock products,076,Brazil,5313,Laying,0231,"Hen eggs in shell, fresh",2024,2024,1000 An,277485,A,Official value,
QCL,Crops and livestock products,076,Brazil,5321,Producing Animals/Slaughtered,21121,"Meat of chickens, fresh or chilled",2024,2024,1000 An,6488695,A,Official value,
QCL,Crops and livestock products,076,Brazil,5111,Stocks,02122,Sheep,2024,2024,An,21862326,A,Official value,
QCL,Crops and livestock products,076,Brazil,5111,Stocks,02140,Swine / pigs,2024,2024,An,43914785,A,Official value,
QCL,Crops and livestock products,096,Brunei Darussalam,5111,Stocks,02111,Cattle,2024,2024,An,286,A,Official value,
QCL,Crops and livestock products,096,Brunei Darussalam,5111,Stocks,02123,Goats,2024,2024,An,3072,A,Official value,
QCL,Crops and livestock products,096,Brunei Darussalam,5313,Laying,0231,"Hen eggs in shell, fresh",2024,2024,1000 An,1050,A,Official value,
QCL,Crops and livestock products,096,Brunei Darussalam,5321,Producing Animals/Slaughtered,21121,"Meat of chickens, fresh or chilled",2024,2024,1000 An,19551,A,Official value,
QCL,Crops and livestock products,096,Brunei Darussalam,5111,Stocks,02122,Sheep,2024,2024,An,4356,E,Estimated value,
QCL,Crops and livestock products,096,Brunei Darussalam,5111,Stocks,02140,Swine / pigs,2024,2024,An,553,E,Estimated value,
QCL,Crops and livestock products,100,Bulgaria,5111,Stocks,02111,Cattle,2024,2024,An,558770,A,Official value,
QCL,Crops and livestock products,100,Bulgaria,5111,Stocks,02123,Goats,2024,2024,An,150000,A,Official value,
QCL,Crops and livestock products,100,Bulgaria,5321,Producing Animals/Slaughtered,21121,"Meat of chickens, fresh or chilled",2024,2024,1000 An,53926,A,Official value,
QCL,Crops and livestock products,100,Bulgaria,5111,Stocks,02122,Sheep,2024,2024,An,1016700,A,Official value,
QCL,Crops and livestock products,100,Bulgaria,5111,Stocks,02140,Swine / pigs,2024,2024,An,700780,A,Official value,
QCL,Crops and livestock products,854,Burkina Faso,5111,Stocks,02111,Cattle,2024,2024,An,10280515,I,Value imputed by a receiving agency,
QCL,Crops and livestock products,854,Burkina Faso,5111,Stocks,02123,Goats,2024,2024,An,10818808,I,Value imputed by a receiving agency,
QCL,Crops and livestock products,854,Burkina Faso,5313,Laying,0231,"Hen eggs in shell, fresh",2024,2024,1000 An,15970,I,Value imputed by a receiving agency,
QCL,Crops and livestock products,854,Burkina Faso,5321,Producing Animals/Slaughtered,21121,"Meat of chickens, fresh or chilled",2024,2024,1000 An,153663,I,Value imputed by a receiving agency,
QCL,Crops and livestock products,854,Burkina Faso,5111,Stocks,02122,Sheep,2024,2024,An,11543571,I,Value imputed by a receiving agency,
QCL,Crops and livestock products,854,Burkina Faso,5111,Stocks,02140,Swine / pigs,2024,2024,An,1525188,I,Value imputed by a receiving agency,
QCL,Crops and livestock products,108,Burundi,5111,Stocks,02111,Cattle,2024,2024,An,1228356,I,Value imputed by a receiving agency,
QCL,Crops and livestock products,108,Burundi,5111,Stocks,02123,Goats,2024,2024,An,4523288,I,Value imputed by a receiving agency,
QCL,Crops and livestock products,108,Burundi,5313,Laying,0231,"Hen eggs in shell, fresh",2024,2024,1000 An,670,E,Estimated value,
QCL,Crops and livestock products,108,Burundi,5321,Producing Animals/Slaughtered,21121,"Meat of chickens, fresh or chilled",2024,2024,1000 An,9724,I,Value imputed by a receiving agency,
QCL,Crops and livestock products,108,Burundi,5111,Stocks,02122,Sheep,2024,2024,An,708094,I,Value imputed by a receiving agency,
QCL,Crops and livestock products,108,Burundi,5111,Stocks,02140,Swine / pigs,2024,2024,An,1540229,I,Value imputed by a receiving agency,
QCL,Crops and livestock products,132,Cabo Verde,5111,Stocks,02111,Cattle,2024,2024,An,29779,A,Official value,
QCL,Crops and livestock products,132,Cabo Verde,5111,Stocks,02123,Goats,2024,2024,An,147123,A,Official value,
QCL,Crops and livestock products,132,Cabo Verde,5313,Laying,0231,"Hen eggs in shell, fresh",2024,2024,1000 An,345,I,Value imputed by a receiving agency,
QCL,Crops and livestock products,132,Cabo Verde,5321,Producing Animals/Slaughtered,21121,"Meat of chickens, fresh or chilled",2024,2024,1000 An,492,E,Estimated value,
QCL,Crops and livestock products,132,Cabo Verde,5111,Stocks,02122,Sheep,2024,2024,An,19701,A,Official value,
QCL,Crops and livestock products,132,Cabo Verde,5111,Stocks,02140,Swine / pigs,2024,2024,An,73057,A,Official value,
QCL,Crops and livestock products,116,Cambodia,5111,Stocks,02111,Cattle,2024,2024,An,2821807,I,Value imputed by a receiving agency,
QCL,Crops and livestock products,116,Cambodia,5313,Laying,0231,"Hen eggs in shell, fresh",2024,2024,1000 An,5030,E,Estimated value,
QCL,Crops and livestock products,116,Cambodia,5321,Producing Animals/Slaughtered,21121,"Meat of chickens, fresh or chilled",2024,2024,1000 An,17577,I,Value imputed by a receiving agency,
QCL,Crops and livestock products,116,Cambodia,5111,Stocks,02140,Swine / pigs,2024,2024,An,2014037,E,Estimated value,
QCL,Crops and livestock products,120,Cameroon,5111,Stocks,02111,Cattle,2024,2024,An,5941769,I,Value imputed by a receiving agency,
QCL,Crops and livestock products,120,Cameroon,5111,Stocks,02123,Goats,2024,2024,An,6632453,I,Value imputed by a receiving agency,
QCL,Crops and livestock products,120,Cameroon,5313,Laying,0231,"Hen eggs in shell, fresh",2024,2024,1000 An,12907,E,Estimated value,
QCL,Crops and livestock products,120,Cameroon,5321,Producing Animals/Slaughtered,21121,"Meat of chickens, fresh or chilled",2024,2024,1000 An,90404,I,Value imputed by a receiving agency,
QCL,Crops and livestock products,120,Cameroon,5111,Stocks,02122,Sheep,2024,2024,An,3551761,E,Estimated value,
QCL,Crops and livestock products,120,Cameroon,5111,Stocks,02140,Swine / pigs,2024,2024,An,2255581,E,Estimated value,
QCL,Crops and livestock products,124,Canada,5111,Stocks,02111,Cattle,2024,2024,An,10985000,A,Official value,
QCL,Crops and livestock products,124,Canada,5111,Stocks,02123,Goats,2024,2024,An,30007,I,Value imputed by a receiving agency,
QCL,Crops and livestock products,124,Canada,5313,Laying,0231,"Hen eggs in shell, fresh",2024,2024,1000 An,37074,A,Official value,
QCL,Crops and livestock products,124,Canada,5321,Producing Animals/Slaughtered,21121,"Meat of chickens, fresh or chilled",2024,2024,1000 An,806785,A,Official value,
QCL,Crops and livestock products,124,Canada,5111,Stocks,02122,Sheep,2024,2024,An,822000,A,Official value,
QCL,Crops and livestock products,124,Canada,5111,Stocks,02140,Swine / pigs,2024,2024,An,13985000,A,Official value,
QCL,Crops and livestock products,140,Central African Republic,5111,Stocks,02111,Cattle,2024,2024,An,4864952,E,Estimated value,
QCL,Crops and livestock products,140,Central African Republic,5111,Stocks,02123,Goats,2024,2024,An,6193443,I,Value imputed by a receiving agency,
QCL,Crops and livestock products,140,Central African Republic,5313,Laying,0231,"Hen eggs in shell, fresh",2024,2024,1000 An,682,I,Value imputed by a receiving agency,
QCL,Crops and livestock products,140,Central African Republic,5321,Producing Animals/Slaughtered,21121,"Meat of chickens, fresh or chilled",2024,2024,1000 An,7011,I,Value imputed by a receiving agency,
QCL,Crops and livestock products,140,Central African Republic,5111,Stocks,02122,Sheep,2024,2024,An,452132,E,Estimated value,
QCL,Crops and livestock products,140,Central African Republic,5111,Stocks,02140,Swine / pigs,2024,2024,An,1121182,E,Estimated value,
QCL,Crops and livestock products,148,Chad,5111,Stocks,02111,Cattle,2024,2024,An,39625902,I,Value imputed by a receiving agency,
QCL,Crops and livestock products,148,Chad,5111,Stocks,02123,Goats,2024,2024,An,46494274,E,Estimated value,
QCL,Crops and livestock products,148,Chad,5313,Laying,0231,"Hen eggs in shell, fresh",2024,2024,1000 An,1178,I,Value imputed by a receiving agency,
QCL,Crops and livestock products,148,Chad,5321,Producing Animals/Slaughtered,21121,"Meat of chickens, fresh or chilled",2024,2024,1000 An,8020,I,Value imputed by a receiving agency,
QCL,Crops and livestock products,148,Chad,5111,Stocks,02122,Sheep,2024,2024,An,45168961,E,Estimated value,
QCL,Crops and livestock products,148,Chad,5111,Stocks,02140,Swine / pigs,2024,2024,An,115004,I,Value imputed by a receiving agency,
QCL,Crops and livestock products,152,Chile,5111,Stocks,02111,Cattle,2024,2024,An,2962490,I,Value imputed by a receiving agency,
QCL,Crops and livestock products,152,Chile,5111,Stocks,02123,Goats,2024,2024,An,418405,E,Estimated value,
QCL,Crops and livestock products,152,Chile,5313,Laying,0231,"Hen eggs in shell, fresh",2024,2024,1000 An,12570,I,Value imputed by a receiving agency,
QCL,Crops and livestock products,152,Chile,5321,Producing Animals/Slaughtered,21121,"Meat of chickens, fresh or chilled",2024,2024,1000 An,291327,A,Official value,
QCL,Crops and livestock products,152,Chile,5111,Stocks,02122,Sheep,2024,2024,An,1750000,E,Estimated value,
QCL,Crops and livestock products,152,Chile,5111,Stocks,02140,Swine / pigs,2024,2024,An,2777625,A,Official value,
QCL,Crops and livestock products,159,China,5111,Stocks,02111,Cattle,2024,2024,An,70482811,E,Estimated value,
QCL,Crops and livestock products,159,China,5111,Stocks,02123,Goats,2024,2024,An,117676997,A,Official value,
QCL,Crops and livestock products,159,China,5313,Laying,0231,"Hen eggs in shell, fresh",2024,2024,1000 An,3401129,E,Estimated value,
QCL,Crops and livestock products,159,China,5321,Producing Animals/Slaughtered,21121,"Meat of chickens, fresh or chilled",2024,2024,1000 An,12275429,E,Estimated value,
QCL,Crops and livestock products,159,China,5111,Stocks,02122,Sheep,2024,2024,An,182939178,A,Official value,
QCL,Crops and livestock products,159,China,5111,Stocks,02140,Swine / pigs,2024,2024,An,432649282,A,Official value,
QCL,Crops and livestock products,344,"China, Hong Kong SAR",5111,Stocks,02111,Cattle,2024,2024,An,1570,I,Value imputed by a receiving agency,
QCL,Crops and livestock products,344,"China, Hong Kong SAR",5111,Stocks,02123,Goats,2024,2024,An,680,I,Value imputed by a receiving agency,
QCL,Crops and livestock products,344,"China, Hong Kong SAR",5313,Laying,0231,"Hen eggs in shell, fresh",2024,2024,1000 An,40,E,Estimated value,
QCL,Crops and livestock products,344,"China, Hong Kong SAR",5321,Producing Animals/Slaughtered,21121,"Meat of chickens, fresh or chilled",2024,2024,1000 An,15573,E,Estimated value,
QCL,Crops and livestock products,344,"China, Hong Kong SAR",5111,Stocks,02122,Sheep,2024,2024,An,23,E,Estimated value,
QCL,Crops and livestock products,344,"China, Hong Kong SAR",5111,Stocks,02140,Swine / pigs,2024,2024,An,114358,E,Estimated value,
QCL,Crops and livestock products,446,"China, Macao SAR",5313,Laying,0231,"Hen eggs in shell, fresh",2024,2024,1000 An,109,E,Estimated value,
QCL,Crops and livestock products,446,"China, Macao SAR",5321,Producing Animals/Slaughtered,21121,"Meat of chickens, fresh or chilled",2024,2024,1000 An,3505,E,Estimated value,
QCL,Crops and livestock products,156,"China, mainland",5111,Stocks,02111,Cattle,2024,2024,An,70325500,E,Estimated value,
QCL,Crops and livestock products,156,"China, mainland",5111,Stocks,02123,Goats,2024,2024,An,117554000,A,Official value,
QCL,Crops and livestock products,156,"China, mainland",5313,Laying,0231,"Hen eggs in shell, fresh",2024,2024,1000 An,3356539,E,Estimated value,
QCL,Crops and livestock products,156,"China, mainland",5321,Producing Animals/Slaughtered,21121,"Meat of chickens, fresh or chilled",2024,2024,1000 An,11865177,I,Value imputed by a receiving agency,
QCL,Crops and livestock products,156,"China, mainland",5111,Stocks,02122,Sheep,2024,2024,An,182939000,A,Official value,
QCL,Crops and livestock products,156,"China, mainland",5111,Stocks,02140,Swine / pigs,2024,2024,An,427430000,A,Official value,
QCL,Crops and livestock products,158,"China, Taiwan Province of",5111,Stocks,02111,Cattle,2024,2024,An,155741,I,Value imputed by a receiving agency,
QCL,Crops and livestock products,158,"China, Taiwan Province of",5111,Stocks,02123,Goats,2024,2024,An,122316,E,Estimated value,
QCL,Crops and livestock products,158,"China, Taiwan Province of",5313,Laying,0231,"Hen eggs in shell, fresh",2024,2024,1000 An,44441,E,Estimated value,
QCL,Crops and livestock products,158,"China, Taiwan Province of",5321,Producing Animals/Slaughtered,21121,"Meat of chickens, fresh or chilled",2024,2024,1000 An,391175,I,Value imputed by a receiving agency,
QCL,Crops and livestock products,158,"China, Taiwan Province of",5111,Stocks,02122,Sheep,2024,2024,An,155,I,Value imputed by a receiving agency,
QCL,Crops and livestock products,158,"China, Taiwan Province of",5111,Stocks,02140,Swine / pigs,2024,2024,An,5104923,I,Value imputed by a receiving agency,
QCL,Crops and livestock products,170,Colombia,5111,Stocks,02111,Cattle,2024,2024,An,30344182,A,Official value,
QCL,Crops and livestock products,170,Colombia,5111,Stocks,02123,Goats,2024,2024,An,1112002,A,Official value,
QCL,Crops and livestock products,170,Colombia,5313,Laying,0231,"Hen eggs in shell, fresh",2024,2024,1000 An,67329,A,Official value,
QCL,Crops and livestock products,170,Colombia,5321,Producing Animals/Slaughtered,21121,"Meat of chickens, fresh or chilled",2024,2024,1000 An,1066737,I,Value imputed by a receiving agency,
QCL,Crops and livestock products,170,Colombia,5111,Stocks,02122,Sheep,2024,2024,An,1689875,A,Official value,
QCL,Crops and livestock products,170,Colombia,5111,Stocks,02140,Swine / pigs,2024,2024,An,10668276,A,Official value,
QCL,Crops and livestock products,174,Comoros,5111,Stocks,02111,Cattle,2024,2024,An,51420,I,Value imputed by a receiving agency,
QCL,Crops and livestock products,174,Comoros,5111,Stocks,02123,Goats,2024,2024,An,121233,I,Value imputed by a receiving agency,
QCL,Crops and livestock products,174,Comoros,5313,Laying,0231,"Hen eggs in shell, fresh",2024,2024,1000 An,204,I,Value imputed by a receiving agency,
QCL,Crops and livestock products,174,Comoros,5321,Producing Animals/Slaughtered,21121,"Meat of chickens, fresh or chilled",2024,2024,1000 An,740,I,Value imputed by a receiving agency,
QCL,Crops and livestock products,174,Comoros,5111,Stocks,02122,Sheep,2024,2024,An,26249,E,Estimated value,
QCL,Crops and livestock products,178,Congo,5111,Stocks,02111,Cattle,2024,2024,An,335224,I,Value imputed by a receiving agency,
QCL,Crops and livestock products,178,Congo,5111,Stocks,02123,Goats,2024,2024,An,325484,I,Value imputed by a receiving agency,
QCL,Crops and livestock products,178,Congo,5313,Laying,0231,"Hen eggs in shell, fresh",2024,2024,1000 An,535,I,Value imputed by a receiving agency,
QCL,Crops and livestock products,178,Congo,5321,Producing Animals/Slaughtered,21121,"Meat of chickens, fresh or chilled",2024,2024,1000 An,6841,I,Value imputed by a receiving agency,
QCL,Crops and livestock products,178,Congo,5111,Stocks,02122,Sheep,2024,2024,An,125957,I,Value imputed by a receiving agency,
QCL,Crops and livestock products,178,Congo,5111,Stocks,02140,Swine / pigs,2024,2024,An,103498,E,Estimated value,
QCL,Crops and livestock products,184,Cook Islands,5111,Stocks,02111,Cattle,2024,2024,An,233,I,Value imputed by a receiving agency,
QCL,Crops and livestock products,184,Cook Islands,5111,Stocks,02123,Goats,2024,2024,An,4053,E,Estimated value,
QCL,Crops and livestock products,184,Cook Islands,5313,Laying,0231,"Hen eggs in shell, fresh",2024,2024,1000 An,6,E,Estimated value,
QCL,Crops and livestock products,184,Cook Islands,5321,Producing Animals/Slaughtered,21121,"Meat of chickens, fresh or chilled",2024,2024,1000 An,58,E,Estimated value,
QCL,Crops and livestock products,184,Cook Islands,5111,Stocks,02140,Swine / pigs,2024,2024,An,19511,I,Value imputed by a receiving agency,
QCL,Crops and livestock products,188,Costa Rica,5111,Stocks,02111,Cattle,2024,2024,An,1576149,A,Official value,
QCL,Crops and livestock products,188,Costa Rica,5111,Stocks,02123,Goats,2024,2024,An,77954,I,Value imputed by a receiving agency,
QCL,Crops and livestock products,188,Costa Rica,5313,Laying,0231,"Hen eggs in shell, fresh",2024,2024,1000 An,4244,E,Estimated value,
QCL,Crops and livestock products,188,Costa Rica,5321,Producing Animals/Slaughtered,21121,"Meat of chickens, fresh or chilled",2024,2024,1000 An,81626,A,Official value,
QCL,Crops and livestock products,188,Costa Rica,5111,Stocks,02122,Sheep,2024,2024,An,2896,I,Value imputed by a receiving agency,
QCL,Crops and livestock products,188,Costa Rica,5111,Stocks,02140,Swine / pigs,2024,2024,An,559743,A,Official value,
QCL,Crops and livestock products,384,Côte d'Ivoire,5111,Stocks,02111,Cattle,2024,2024,An,1896358,A,Official value,
QCL,Crops and livestock products,384,Côte d'Ivoire,5111,Stocks,02123,Goats,2024,2024,An,5447608,A,Official value,
QCL,Crops and livestock products,384,Côte d'Ivoire,5313,Laying,0231,"Hen eggs in shell, fresh",2024,2024,1000 An,9479,A,Official value,
QCL,Crops and livestock products,384,Côte d'Ivoire,5321,Producing Animals/Slaughtered,21121,"Meat of chickens, fresh or chilled",2024,2024,1000 An,109504,A,Official value,
QCL,Crops and livestock products,384,Côte d'Ivoire,5111,Stocks,02122,Sheep,2024,2024,An,2636786,A,Official value,
QCL,Crops and livestock products,384,Côte d'Ivoire,5111,Stocks,02140,Swine / pigs,2024,2024,An,472572,A,Official value,
QCL,Crops and livestock products,191,Croatia,5111,Stocks,02111,Cattle,2024,2024,An,422000,A,Official value,
QCL,Crops and livestock products,191,Croatia,5111,Stocks,02123,Goats,2024,2024,An,68000,A,Official value,
QCL,Crops and livestock products,191,Croatia,5313,Laying,0231,"Hen eggs in shell, fresh",2024,2024,1000 An,2818,A,Official value,
QCL,Crops and livestock products,191,Croatia,5321,Producing Animals/Slaughtered,21121,"Meat of chickens, fresh or chilled",2024,2024,1000 An,42169,A,Official value,
QCL,Crops and livestock products,191,Croatia,5111,Stocks,02122,Sheep,2024,2024,An,553000,A,Official value,
QCL,Crops and livestock products,191,Croatia,5111,Stocks,02140,Swine / pigs,2024,2024,An,873000,A,Official value,
QCL,Crops and livestock products,192,Cuba,5111,Stocks,02111,Cattle,2024,2024,An,3250000,E,Estimated value,
QCL,Crops and livestock products,192,Cuba,5111,Stocks,02123,Goats,2024,2024,An,667000,E,Estimated value,
QCL,Crops and livestock products,192,Cuba,5313,Laying,0231,"Hen eggs in shell, fresh",2024,2024,1000 An,5310,E,Estimated value,
QCL,Crops and livestock products,192,Cuba,5321,Producing Animals/Slaughtered,21121,"Meat of chickens, fresh or chilled",2024,2024,1000 An,3000,E,Estimated value,
QCL,Crops and livestock products,192,Cuba,5111,Stocks,02122,Sheep,2024,2024,An,1357728,I,Value imputed by a receiving agency,
QCL,Crops and livestock products,192,Cuba,5111,Stocks,02140,Swine / pigs,2024,2024,An,117000,E,Estimated value,
QCL,Crops and livestock products,196,Cyprus,5111,Stocks,02111,Cattle,2024,2024,An,82680,A,Official value,
QCL,Crops and livestock products,196,Cyprus,5111,Stocks,02123,Goats,2024,2024,An,228540,A,Official value,
QCL,Crops and livestock products,196,Cyprus,5321,Producing Animals/Slaughtered,21121,"Meat of chickens, fresh or chilled",2024,2024,1000 An,14035,A,Official value,
QCL,Crops and livestock products,196,Cyprus,5111,Stocks,02122,Sheep,2024,2024,An,364750,A,Official value,
QCL,Crops and livestock products,196,Cyprus,5111,Stocks,02140,Swine / pigs,2024,2024,An,309790,A,Official value,
QCL,Crops and livestock products,203,Czechia,5111,Stocks,02111,Cattle,2024,2024,An,1397410,A,Official value,
QCL,Crops and livestock products,203,Czechia,5111,Stocks,02123,Goats,2024,2024,An,27577,A,Official value,
QCL,Crops and livestock products,203,Czechia,5321,Producing Animals/Slaughtered,21121,"Meat of chickens, fresh or chilled",2024,2024,1000 An,116773,A,Official value,
QCL,Crops and livestock products,203,Czechia,5111,Stocks,02122,Sheep,2024,2024,An,180368,A,Official value,
QCL,Crops and livestock products,203,Czechia,5111,Stocks,02140,Swine / pigs,2024,2024,An,1421820,A,Official value,
QCL,Crops and livestock products,408,Democratic People's Republic of Korea,5111,Stocks,02111,Cattle,2024,2024,An,570727,I,Value imputed by a receiving agency,
QCL,Crops and livestock products,408,Democratic People's Republic of Korea,5111,Stocks,02123,Goats,2024,2024,An,4040502,I,Value imputed by a receiving agency,
QCL,Crops and livestock products,408,Democratic People's Republic of Korea,5313,Laying,0231,"Hen eggs in shell, fresh",2024,2024,1000 An,15859,E,Estimated value,
QCL,Crops and livestock products,408,Democratic People's Republic of Korea,5321,Producing Animals/Slaughtered,21121,"Meat of chickens, fresh or chilled",2024,2024,1000 An,20475,I,Value imputed by a receiving agency,
QCL,Crops and livestock products,408,Democratic People's Republic of Korea,5111,Stocks,02122,Sheep,2024,2024,An,164779,I,Value imputed by a receiving agency,
QCL,Crops and livestock products,408,Democratic People's Republic of Korea,5111,Stocks,02140,Swine / pigs,2024,2024,An,2462814,I,Value imputed by a receiving agency,
QCL,Crops and livestock products,180,Democratic Republic of the Congo,5111,Stocks,02111,Cattle,2024,2024,An,2032019,A,Official value,
QCL,Crops and livestock products,180,Democratic Republic of the Congo,5111,Stocks,02123,Goats,2024,2024,An,4147239,A,Official value,
QCL,Crops and livestock products,180,Democratic Republic of the Congo,5313,Laying,0231,"Hen eggs in shell, fresh",2024,2024,1000 An,2608,I,Value imputed by a receiving agency,
QCL,Crops and livestock products,180,Democratic Republic of the Congo,5321,Producing Animals/Slaughtered,21121,"Meat of chickens, fresh or chilled",2024,2024,1000 An,16992,A,Official value,
QCL,Crops and livestock products,180,Democratic Republic of the Congo,5111,Stocks,02122,Sheep,2024,2024,An,920510,A,Official value,
QCL,Crops and livestock products,180,Democratic Republic of the Congo,5111,Stocks,02140,Swine / pigs,2024,2024,An,1016111,A,Official value,
QCL,Crops and livestock products,208,Denmark,5111,Stocks,02111,Cattle,2024,2024,An,1413860,A,Official value,
QCL,Crops and livestock products,208,Denmark,5321,Producing Animals/Slaughtered,21121,"Meat of chickens, fresh or chilled",2024,2024,1000 An,105293,A,Official value,
QCL,Crops and livestock products,208,Denmark,5111,Stocks,02122,Sheep,2024,2024,An,147980,A,Official value,
QCL,Crops and livestock products,208,Denmark,5111,Stocks,02140,Swine / pigs,2024,2024,An,11583000,A,Official value,
QCL,Crops and livestock products,262,Djibouti,5111,Stocks,02111,Cattle,2024,2024,An,317893,I,Value imputed by a receiving agency,
QCL,Crops and livestock products,262,Djibouti,5111,Stocks,02123,Goats,2024,2024,An,520013,I,Value imputed by a receiving agency,
QCL,Crops and livestock products,262,Djibouti,5111,Stocks,02122,Sheep,2024,2024,An,470538,I,Value imputed by a receiving agency,
QCL,Crops and livestock products,212,Dominica,5111,Stocks,02111,Cattle,2024,2024,An,13873,I,Value imputed by a receiving agency,
QCL,Crops and livestock products,212,Dominica,5111,Stocks,02123,Goats,2024,2024,An,9706,I,Value imputed by a receiving agency,
QCL,Crops and livestock products,212,Dominica,5313,Laying,0231,"Hen eggs in shell, fresh",2024,2024,1000 An,71,I,Value imputed by a receiving agency,
QCL,Crops and livestock products,212,Dominica,5321,Producing Animals/Slaughtered,21121,"Meat of chickens, fresh or chilled",2024,2024,1000 An,373,I,Value imputed by a receiving agency,
QCL,Crops and livestock products,212,Dominica,5111,Stocks,02122,Sheep,2024,2024,An,8516,I,Value imputed by a receiving agency,
QCL,Crops and livestock products,212,Dominica,5111,Stocks,02140,Swine / pigs,2024,2024,An,5058,I,Value imputed by a receiving agency,
QCL,Crops and livestock products,214,Dominican Republic,5111,Stocks,02111,Cattle,2024,2024,An,3030340,I,Value imputed by a receiving agency,
QCL,Crops and livestock products,214,Dominican Republic,5111,Stocks,02123,Goats,2024,2024,An,201472,E,Estimated value,
QCL,Crops and livestock products,214,Dominican Republic,5313,Laying,0231,"Hen eggs in shell, fresh",2024,2024,1000 An,18331,E,Estimated value,
QCL,Crops and livestock products,214,Dominican Republic,5321,Producing Animals/Slaughtered,21121,"Meat of chickens, fresh or chilled",2024,2024,1000 An,258192,A,Official value,
QCL,Crops and livestock products,214,Dominican Republic,5111,Stocks,02122,Sheep,2024,2024,An,261952,I,Value imputed by a receiving agency,
QCL,Crops and livestock products,214,Dominican Republic,5111,Stocks,02140,Swine / pigs,2024,2024,An,520076,I,Value imputed by a receiving agency,
QCL,Crops and livestock products,218,Ecuador,5111,Stocks,02111,Cattle,2024,2024,An,3436276,A,Official value,
QCL,Crops and livestock products,218,Ecuador,5111,Stocks,02123,Goats,2024,2024,An,27531,A,Official value,
QCL,Crops and livestock products,218,Ecuador,5313,Laying,0231,"Hen eggs in shell, fresh",2024,2024,1000 An,16216,A,Official value,
QCL,Crops and livestock products,218,Ecuador,5321,Producing Animals/Slaughtered,21121,"Meat of chickens, fresh or chilled",2024,2024,1000 An,263981,E,Estimated value,
QCL,Crops and livestock products,218,Ecuador,5111,Stocks,02122,Sheep,2024,2024,An,448382,A,Official value,
QCL,Crops and livestock products,218,Ecuador,5111,Stocks,02140,Swine / pigs,2024,2024,An,896457,A,Official value,
QCL,Crops and livestock products,818,Egypt,5111,Stocks,02111,Cattle,2024,2024,An,2625729,I,Value imputed by a receiving agency,
QCL,Crops and livestock products,818,Egypt,5111,Stocks,02123,Goats,2024,2024,An,1140000,E,Estimated value,
QCL,Crops and livestock products,818,Egypt,5313,Laying,0231,"Hen eggs in shell, fresh",2024,2024,1000 An,45000,E,Estimated value,
QCL,Crops and livestock products,818,Egypt,5321,Producing Animals/Slaughtered,21121,"Meat of chickens, fresh or chilled",2024,2024,1000 An,1764880,E,Estimated value,
QCL,Crops and livestock products,818,Egypt,5111,Stocks,02122,Sheep,2024,2024,An,1950000,E,Estimated value,
QCL,Crops and livestock products,818,Egypt,5111,Stocks,02140,Swine / pigs,2024,2024,An,20688,I,Value imputed by a receiving agency,
QCL,Crops and livestock products,222,El Salvador,5111,Stocks,02111,Cattle,2024,2024,An,772208,E,Estimated value,
QCL,Crops and livestock products,222,El Salvador,5111,Stocks,02123,Goats,2024,2024,An,13745,E,Estimated value,
QCL,Crops and livestock products,222,El Salvador,5313,Laying,0231,"Hen eggs in shell, fresh",2024,2024,1000 An,6830,I,Value imputed by a receiving agency,
QCL,Crops and livestock products,222,El Salvador,5321,Producing Animals/Slaughtered,21121,"Meat of chickens, fresh or chilled",2024,2024,1000 An,133744,E,Estimated value,
QCL,Crops and livestock products,222,El Salvador,5111,Stocks,02122,Sheep,2024,2024,An,5577,I,Value imputed by a receiving agency,
QCL,Crops and livestock products,222,El Salvador,5111,Stocks,02140,Swine / pigs,2024,2024,An,245241,E,Estimated value,
QCL,Crops and livestock products,226,Equatorial Guinea,5111,Stocks,02111,Cattle,2024,2024,An,5520,I,Value imputed by a receiving agency,
QCL,Crops and livestock products,226,Equatorial Guinea,5111,Stocks,02123,Goats,2024,2024,An,9955,I,Value imputed by a receiving agency,
QCL,Crops and livestock products,226,Equatorial Guinea,5313,Laying,0231,"Hen eggs in shell, fresh",2024,2024,1000 An,53,E,Estimated value,
QCL,Crops and livestock products,226,Equatorial Guinea,5321,Producing Animals/Slaughtered,21121,"Meat of chickens, fresh or chilled",2024,2024,1000 An,325,E,Estimated value,
QCL,Crops and livestock products,226,Equatorial Guinea,5111,Stocks,02122,Sheep,2024,2024,An,41686,I,Value imputed by a receiving agency,
QCL,Crops and livestock products,226,Equatorial Guinea,5111,Stocks,02140,Swine / pigs,2024,2024,An,7548,E,Estimated value,
QCL,Crops and livestock products,232,Eritrea,5111,Stocks,02111,Cattle,2024,2024,An,2156877,I,Value imputed by a receiving agency,
QCL,Crops and livestock products,232,Eritrea,5111,Stocks,02123,Goats,2024,2024,An,1935590,I,Value imputed by a receiving agency,
QCL,Crops and livestock products,232,Eritrea,5313,Laying,0231,"Hen eggs in shell, fresh",2024,2024,1000 An,563,I,Value imputed by a receiving agency,
QCL,Crops and livestock products,232,Eritrea,5321,Producing Animals/Slaughtered,21121,"Meat of chickens, fresh or chilled",2024,2024,1000 An,1390,E,Estimated value,
QCL,Crops and livestock products,232,Eritrea,5111,Stocks,02122,Sheep,2024,2024,An,2508985,E,Estimated value,
QCL,Crops and livestock products,233,Estonia,5111,Stocks,02111,Cattle,2024,2024,An,232390,A,Official value,
QCL,Crops and livestock products,233,Estonia,5111,Stocks,02123,Goats,2024,2024,An,3200,A,Official value,
QCL,Crops and livestock products,233,Estonia,5313,Laying,0231,"Hen eggs in shell, fresh",2024,2024,1000 An,580,A,Official value,
QCL,Crops and livestock products,233,Estonia,5111,Stocks,02122,Sheep,2024,2024,An,46100,A,Official value,
QCL,Crops and livestock products,233,Estonia,5111,Stocks,02140,Swine / pigs,2024,2024,An,283550,A,Official value,
QCL,Crops and livestock products,748,Eswatini,5111,Stocks,02111,Cattle,2024,2024,An,652513,A,Official value,
QCL,Crops and livestock products,748,Eswatini,5111,Stocks,02123,Goats,2024,2024,An,531407,A,Official value,
QCL,Crops and livestock products,748,Eswatini,5313,Laying,0231,"Hen eggs in shell, fresh",2024,2024,1000 An,202,E,Estimated value,
QCL,Crops and livestock products,748,Eswatini,5321,Producing Animals/Slaughtered,21121,"Meat of chickens, fresh or chilled",2024,2024,1000 An,2832,E,Estimated value,
QCL,Crops and livestock products,748,Eswatini,5111,Stocks,02122,Sheep,2024,2024,An,18522,A,Official value,
QCL,Crops and livestock products,748,Eswatini,5111,Stocks,02140,Swine / pigs,2024,2024,An,55271,A,Official value,
QCL,Crops and livestock products,231,Ethiopia,5111,Stocks,02111,Cattle,2024,2024,An,71916930,I,Value imputed by a receiving agency,
QCL,Crops and livestock products,231,Ethiopia,5111,Stocks,02123,Goats,2024,2024,An,53982678,I,Value imputed by a receiving agency,
QCL,Crops and livestock products,231,Ethiopia,5313,Laying,0231,"Hen eggs in shell, fresh",2024,2024,1000 An,10251,I,Value imputed by a receiving agency,
QCL,Crops and livestock products,231,Ethiopia,5321,Producing Animals/Slaughtered,21121,"Meat of chickens, fresh or chilled",2024,2024,1000 An,76576,I,Value imputed by a receiving agency,
QCL,Crops and livestock products,231,Ethiopia,5111,Stocks,02122,Sheep,2024,2024,An,41050910,I,Value imputed by a receiving agency,
QCL,Crops and livestock products,231,Ethiopia,5111,Stocks,02140,Swine / pigs,2024,2024,An,37330,E,Estimated value,
QCL,Crops and livestock products,234,Faroe Islands,5111,Stocks,02111,Cattle,2024,2024,An,1816,A,Official value,
QCL,Crops and livestock products,234,Faroe Islands,5111,Stocks,02122,Sheep,2024,2024,An,79941,E,Estimated value,
QCL,Crops and livestock products,242,Fiji,5111,Stocks,02111,Cattle,2024,2024,An,80720,A,Official value,
QCL,Crops and livestock products,242,Fiji,5111,Stocks,02123,Goats,2024,2024,An,284591,I,Value imputed by a receiving agency,
QCL,Crops and livestock products,242,Fiji,5313,Laying,0231,"Hen eggs in shell, fresh",2024,2024,1000 An,570,E,Estimated value,
QCL,Crops and livestock products,242,Fiji,5321,Producing Animals/Slaughtered,21121,"Meat of chickens, fresh or chilled",2024,2024,1000 An,13928,I,Value imputed by a receiving agency,
QCL,Crops and livestock products,242,Fiji,5111,Stocks,02122,Sheep,2024,2024,An,39547,A,Official value,
QCL,Crops and livestock products,242,Fiji,5111,Stocks,02140,Swine / pigs,2024,2024,An,120000,E,Estimated value,
QCL,Crops and livestock products,246,Finland,5111,Stocks,02111,Cattle,2024,2024,An,764030,A,Official value,
QCL,Crops and livestock products,246,Finland,5111,Stocks,02123,Goats,2024,2024,An,5140,A,Official value,
QCL,Crops and livestock products,246,Finland,5313,Laying,0231,"Hen eggs in shell, fresh",2024,2024,1000 An,4041,A,Official value,
QCL,Crops and livestock products,246,Finland,5321,Producing Animals/Slaughtered,21121,"Meat of chickens, fresh or chilled",2024,2024,1000 An,79654,A,Official value,
QCL,Crops and livestock products,246,Finland,5111,Stocks,02122,Sheep,2024,2024,An,115432,A,Official value,
QCL,Crops and livestock products,246,Finland,5111,Stocks,02140,Swine / pigs,2024,2024,An,974130,A,Official value,
QCL,Crops and livestock products,250,France,5111,Stocks,02111,Cattle,2024,2024,An,16478260,A,Official value,
QCL,Crops and livestock products,250,France,5111,Stocks,02123,Goats,2024,2024,An,1339000,A,Official value,
QCL,Crops and livestock products,250,France,5313,Laying,0231,"Hen eggs in shell, fresh",2024,2024,1000 An,63854,A,Official value,
QCL,Crops and livestock products,250,France,5321,Producing Animals/Slaughtered,21121,"Meat of chickens, fresh or chilled",2024,2024,1000 An,779642,A,Official value,
QCL,Crops and livestock products,250,France,5111,Stocks,02122,Sheep,2024,2024,An,6607000,A,Official value,
QCL,Crops and livestock products,250,France,5111,Stocks,02140,Swine / pigs,2024,2024,An,11714940,A,Official value,
QCL,Crops and livestock products,258,French Polynesia,5111,Stocks,02111,Cattle,2024,2024,An,8097,I,Value imputed by a receiving agency,
QCL,Crops and livestock products,258,French Polynesia,5111,Stocks,02123,Goats,2024,2024,An,15665,I,Value imputed by a receiving agency,
QCL,Crops and livestock products,258,French Polynesia,5313,Laying,0231,"Hen eggs in shell, fresh",2024,2024,1000 An,225,A,Official value,
QCL,Crops and livestock products,258,French Polynesia,5321,Producing Animals/Slaughtered,21121,"Meat of chickens, fresh or chilled",2024,2024,1000 An,745,E,Estimated value,
QCL,Crops and livestock products,258,French Polynesia,5111,Stocks,02122,Sheep,2024,2024,An,441,I,Value imputed by a receiving agency,
QCL,Crops and livestock products,258,French Polynesia,5111,Stocks,02140,Swine / pigs,2024,2024,An,29124,I,Value imputed by a receiving agency,
QCL,Crops and livestock products,266,Gabon,5111,Stocks,02111,Cattle,2024,2024,An,39678,I,Value imputed by a receiving agency,
QCL,Crops and livestock products,266,Gabon,5111,Stocks,02123,Goats,2024,2024,An,117387,E,Estimated value,
QCL,Crops and livestock products,266,Gabon,5313,Laying,0231,"Hen eggs in shell, fresh",2024,2024,1000 An,684,I,Value imputed by a receiving agency,
QCL,Crops and livestock products,266,Gabon,5321,Producing Animals/Slaughtered,21121,"Meat of chickens, fresh or chilled",2024,2024,1000 An,5189,E,Estimated value,
QCL,Crops and livestock products,266,Gabon,5111,Stocks,02122,Sheep,2024,2024,An,221154,I,Value imputed by a receiving agency,
QCL,Crops and livestock products,266,Gabon,5111,Stocks,02140,Swine / pigs,2024,2024,An,225991,I,Value imputed by a receiving agency,
QCL,Crops and livestock products,270,Gambia,5111,Stocks,02111,Cattle,2024,2024,An,309195,A,Official value,
QCL,Crops and livestock products,270,Gambia,5111,Stocks,02123,Goats,2024,2024,An,350728,A,Official value,
QCL,Crops and livestock products,270,Gambia,5313,Laying,0231,"Hen eggs in shell, fresh",2024,2024,1000 An,259,I,Value imputed by a receiving agency,
QCL,Crops and livestock products,270,Gambia,5321,Producing Animals/Slaughtered,21121,"Meat of chickens, fresh or chilled",2024,2024,1000 An,1550,E,Estimated value,
QCL,Crops and livestock products,270,Gambia,5111,Stocks,02122,Sheep,2024,2024,An,190879,A,Official value,
QCL,Crops and livestock products,270,Gambia,5111,Stocks,02140,Swine / pigs,2024,2024,An,25243,A,Official value,
QCL,Crops and livestock products,268,Georgia,5111,Stocks,02111,Cattle,2024,2024,An,837700,A,Official value,
QCL,Crops and livestock products,268,Georgia,5111,Stocks,02123,Goats,2024,2024,An,49300,A,Official value,
QCL,Crops and livestock products,268,Georgia,5313,Laying,0231,"Hen eggs in shell, fresh",2024,2024,1000 An,2708,I,Value imputed by a receiving agency,
QCL,Crops and livestock products,268,Georgia,5321,Producing Animals/Slaughtered,21121,"Meat of chickens, fresh or chilled",2024,2024,1000 An,13018,I,Value imputed by a receiving agency,
QCL,Crops and livestock products,268,Georgia,5111,Stocks,02122,Sheep,2024,2024,An,712400,A,Official value,
QCL,Crops and livestock products,268,Georgia,5111,Stocks,02140,Swine / pigs,2024,2024,An,141600,A,Official value,
QCL,Crops and livestock products,276,Germany,5111,Stocks,02111,Cattle,2024,2024,An,10461290,A,Official value,
QCL,Crops and livestock products,276,Germany,5111,Stocks,02123,Goats,2024,2024,An,168300,A,Official value,
QCL,Crops and livestock products,276,Germany,5313,Laying,0231,"Hen eggs in shell, fresh",2024,2024,1000 An,51400,A,Official value,
QCL,Crops and livestock products,276,Germany,5321,Producing Animals/Slaughtered,21121,"Meat of chickens, fresh or chilled",2024,2024,1000 An,629545,A,Official value,
QCL,Crops and livestock products,276,Germany,5111,Stocks,02122,Sheep,2024,2024,An,1510900,A,Official value,
QCL,Crops and livestock products,276,Germany,5111,Stocks,02140,Swine / pigs,2024,2024,An,21292300,A,Official value,
QCL,Crops and livestock products,288,Ghana,5111,Stocks,02111,Cattle,2024,2024,An,2362472,I,Value imputed by a receiving agency,
QCL,Crops and livestock products,288,Ghana,5111,Stocks,02123,Goats,2024,2024,An,9581913,I,Value imputed by a receiving agency,
QCL,Crops and livestock products,288,Ghana,5313,Laying,0231,"Hen eggs in shell, fresh",2024,2024,1000 An,21180,I,Value imputed by a receiving agency,
QCL,Crops and livestock products,288,Ghana,5321,Producing Animals/Slaughtered,21121,"Meat of chickens, fresh or chilled",2024,2024,1000 An,96873,I,Value imputed by a receiving agency,
QCL,Crops and livestock products,288,Ghana,5111,Stocks,02122,Sheep,2024,2024,An,6176664,I,Value imputed by a receiving agency,
QCL,Crops and livestock products,288,Ghana,5111,Stocks,02140,Swine / pigs,2024,2024,An,951401,I,Value imputed by a receiving agency,
QCL,Crops and livestock products,300,Greece,5111,Stocks,02111,Cattle,2024,2024,An,595200,A,Official value,
QCL,Crops and livestock products,300,Greece,5111,Stocks,02123,Goats,2024,2024,An,2576800,A,Official value,
QCL,Crops and livestock products,300,Greece,5321,Producing Animals/Slaughtered,21121,"Meat of chickens, fresh or chilled",2024,2024,1000 An,165181,A,Official value,
QCL,Crops and livestock products,300,Greece,5111,Stocks,02122,Sheep,2024,2024,An,7774200,A,Official value,
QCL,Crops and livestock products,300,Greece,5111,Stocks,02140,Swine / pigs,2024,2024,An,786200,A,Official value,
QCL,Crops and livestock products,308,Grenada,5111,Stocks,02111,Cattle,2024,2024,An,6191,I,Value imputed by a receiving agency,
QCL,Crops and livestock products,308,Grenada,5111,Stocks,02123,Goats,2024,2024,An,25457,I,Value imputed by a receiving agency,
QCL,Crops and livestock products,308,Grenada,5313,Laying,0231,"Hen eggs in shell, fresh",2024,2024,1000 An,330,E,Estimated value,
QCL,Crops and livestock products,308,Grenada,5321,Producing Animals/Slaughtered,21121,"Meat of chickens, fresh or chilled",2024,2024,1000 An,581,E,Estimated value,
QCL,Crops and livestock products,308,Grenada,5111,Stocks,02122,Sheep,2024,2024,An,9639,I,Value imputed by a receiving agency,
QCL,Crops and livestock products,308,Grenada,5111,Stocks,02140,Swine / pigs,2024,2024,An,3843,I,Value imputed by a receiving agency,
QCL,Crops and livestock products,320,Guatemala,5111,Stocks,02111,Cattle,2024,2024,An,4343871,I,Value imputed by a receiving agency,
QCL,Crops and livestock products,320,Guatemala,5111,Stocks,02123,Goats,2024,2024,An,116005,I,Value imputed by a receiving agency,
QCL,Crops and livestock products,320,Guatemala,5313,Laying,0231,"Hen eggs in shell, fresh",2024,2024,1000 An,19515,E,Estimated value,
QCL,Crops and livestock products,320,Guatemala,5321,Producing Animals/Slaughtered,21121,"Meat of chickens, fresh or chilled",2024,2024,1000 An,237967,E,Estimated value,
QCL,Crops and livestock products,320,Guatemala,5111,Stocks,02122,Sheep,2024,2024,An,611329,E,Estimated value,
QCL,Crops and livestock products,320,Guatemala,5111,Stocks,02140,Swine / pigs,2024,2024,An,3044525,I,Value imputed by a receiving agency,
QCL,Crops and livestock products,324,Guinea,5111,Stocks,02111,Cattle,2024,2024,An,9319774,E,Estimated value,
QCL,Crops and livestock products,324,Guinea,5111,Stocks,02123,Goats,2024,2024,An,4829211,I,Value imputed by a receiving agency,
QCL,Crops and livestock products,324,Guinea,5313,Laying,0231,"Hen eggs in shell, fresh",2024,2024,1000 An,8176,E,Estimated value,
QCL,Crops and livestock products,324,Guinea,5321,Producing Animals/Slaughtered,21121,"Meat of chickens, fresh or chilled",2024,2024,1000 An,9052,E,Estimated value,
QCL,Crops and livestock products,324,Guinea,5111,Stocks,02122,Sheep,2024,2024,An,3995308,I,Value imputed by a receiving agency,
QCL,Crops and livestock products,324,Guinea,5111,Stocks,02140,Swine / pigs,2024,2024,An,183169,I,Value imputed by a receiving agency,
QCL,Crops and livestock products,624,Guinea-Bissau,5111,Stocks,02111,Cattle,2024,2024,An,742836,E,Estimated value,
QCL,Crops and livestock products,624,Guinea-Bissau,5111,Stocks,02123,Goats,2024,2024,An,830966,E,Estimated value,
QCL,Crops and livestock products,624,Guinea-Bissau,5313,Laying,0231,"Hen eggs in shell, fresh",2024,2024,1000 An,312,E,Estimated value,
QCL,Crops and livestock products,624,Guinea-Bissau,5321,Producing Animals/Slaughtered,21121,"Meat of chickens, fresh or chilled",2024,2024,1000 An,3802,E,Estimated value,
QCL,Crops and livestock products,624,Guinea-Bissau,5111,Stocks,02122,Sheep,2024,2024,An,472038,I,Value imputed by a receiving agency,
QCL,Crops and livestock products,624,Guinea-Bissau,5111,Stocks,02140,Swine / pigs,2024,2024,An,434193,I,Value imputed by a receiving agency,
QCL,Crops and livestock products,328,Guyana,5111,Stocks,02111,Cattle,2024,2024,An,98851,I,Value imputed by a receiving agency,
QCL,Crops and livestock products,328,Guyana,5111,Stocks,02123,Goats,2024,2024,An,82529,I,Value imputed by a receiving agency,
QCL,Crops and livestock products,328,Guyana,5313,Laying,0231,"Hen eggs in shell, fresh",2024,2024,1000 An,483,E,Estimated value,
QCL,Crops and livestock products,328,Guyana,5321,Producing Animals/Slaughtered,21121,"Meat of chickens, fresh or chilled",2024,2024,1000 An,45000,E,Estimated value,
QCL,Crops and livestock products,328,Guyana,5111,Stocks,02122,Sheep,2024,2024,An,132162,I,Value imputed by a receiving agency,
QCL,Crops and livestock products,328,Guyana,5111,Stocks,02140,Swine / pigs,2024,2024,An,9566,I,Value imputed by a receiving agency,
QCL,Crops and livestock products,332,Haiti,5111,Stocks,02111,Cattle,2024,2024,An,1524965,I,Value imputed by a receiving agency,
QCL,Crops and livestock products,332,Haiti,5111,Stocks,02123,Goats,2024,2024,An,1846861,I,Value imputed by a receiving agency,
QCL,Crops and livestock products,332,Haiti,5313,Laying,0231,"Hen eggs in shell, fresh",2024,2024,1000 An,535,I,Value imputed by a receiving agency,
QCL,Crops and livestock products,332,Haiti,5321,Producing Animals/Slaughtered,21121,"Meat of chickens, fresh or chilled",2024,2024,1000 An,9921,I,Value imputed by a receiving agency,
QCL,Crops and livestock products,332,Haiti,5111,Stocks,02122,Sheep,2024,2024,An,311123,I,Value imputed by a receiving agency,
QCL,Crops and livestock products,332,Haiti,5111,Stocks,02140,Swine / pigs,2024,2024,An,1024619,I,Value imputed by a receiving agency,
QCL,Crops and livestock products,340,Honduras,5111,Stocks,02111,Cattle,2024,2024,An,2900458,I,Value imputed by a receiving agency,
QCL,Crops and livestock products,340,Honduras,5111,Stocks,02123,Goats,2024,2024,An,24684,I,Value imputed by a receiving agency,
QCL,Crops and livestock products,340,Honduras,5313,Laying,0231,"Hen eggs in shell, fresh",2024,2024,1000 An,4500,E,Estimated value,
QCL,Crops and livestock products,340,Honduras,5321,Producing Animals/Slaughtered,21121,"Meat of chickens, fresh or chilled",2024,2024,1000 An,125489,A,Official value,
QCL,Crops and livestock products,340,Honduras,5111,Stocks,02122,Sheep,2024,2024,An,16971,E,Estimated value,
QCL,Crops and livestock products,340,Honduras,5111,Stocks,02140,Swine / pigs,2024,2024,An,453773,I,Value imputed by a receiving agency,
QCL,Crops and livestock products,348,Hungary,5111,Stocks,02111,Cattle,2024,2024,An,869900,A,Official value,
QCL,Crops and livestock products,348,Hungary,5111,Stocks,02123,Goats,2024,2024,An,31300,A,Official value,
QCL,Crops and livestock products,348,Hungary,5321,Producing Animals/Slaughtered,21121,"Meat of chickens, fresh or chilled",2024,2024,1000 An,199828,A,Official value,
QCL,Crops and livestock products,348,Hungary,5111,Stocks,02122,Sheep,2024,2024,An,846800,A,Official value,
QCL,Crops and livestock products,348,Hungary,5111,Stocks,02140,Swine / pigs,2024,2024,An,2802400,A,Official value,
QCL,Crops and livestock products,352,Iceland,5111,Stocks,02111,Cattle,2024,2024,An,76902,A,Official value,
QCL,Crops and livestock products,352,Iceland,5111,Stocks,02123,Goats,2024,2024,An,1888,A,Official value,
QCL,Crops and livestock products,352,Iceland,5313,Laying,0231,"Hen eggs in shell, fresh",2024,2024,1000 An,230,A,Official value,
QCL,Crops and livestock products,352,Iceland,5321,Producing Animals/Slaughtered,21121,"Meat of chickens, fresh or chilled",2024,2024,1000 An,5753,A,Official value,
QCL,Crops and livestock products,352,Iceland,5111,Stocks,02122,Sheep,2024,2024,An,345440,A,Official value,
QCL,Crops and livestock products,352,Iceland,5111,Stocks,02140,Swine / pigs,2024,2024,An,26000,A,Official value,
QCL,Crops and livestock products,356,India,5111,Stocks,02111,Cattle,2024,2024,An,194753479,I,Value imputed by a receiving agency,
QCL,Crops and livestock products,356,India,5111,Stocks,02123,Goats,2024,2024,An,210632609,I,Value imputed by a receiving agency,
QCL,Crops and livestock products,356,India,5313,Laying,0231,"Hen eggs in shell, fresh",2024,2024,1000 An,675000,E,Estimated value,
QCL,Crops and livestock products,356,India,5321,Producing Animals/Slaughtered,21121,"Meat of chickens, fresh or chilled",2024,2024,1000 An,3354970,A,Official value,
QCL,Crops and livestock products,356,India,5111,Stocks,02122,Sheep,2024,2024,An,114623765,I,Value imputed by a receiving agency,
QCL,Crops and livestock products,356,India,5111,Stocks,02140,Swine / pigs,2024,2024,An,8299528,I,Value imputed by a receiving agency,
QCL,Crops and livestock products,360,Indonesia,5111,Stocks,02111,Cattle,2024,2024,An,18065156,I,Value imputed by a receiving agency,
QCL,Crops and livestock products,360,Indonesia,5111,Stocks,02123,Goats,2024,2024,An,18851413,I,Value imputed by a receiving agency,
QCL,Crops and livestock products,360,Indonesia,5313,Laying,0231,"Hen eggs in shell, fresh",2024,2024,1000 An,414758,A,Official value,
QCL,Crops and livestock products,360,Indonesia,5321,Producing Animals/Slaughtered,21121,"Meat of chickens, fresh or chilled",2024,2024,1000 An,4891522,I,Value imputed by a receiving agency,
QCL,Crops and livestock products,360,Indonesia,5111,Stocks,02122,Sheep,2024,2024,An,15137290,I,Value imputed by a receiving agency,
QCL,Crops and livestock products,360,Indonesia,5111,Stocks,02140,Swine / pigs,2024,2024,An,5767595,I,Value imputed by a receiving agency,
QCL,Crops and livestock products,364,Iran (Islamic Republic of),5111,Stocks,02111,Cattle,2024,2024,An,5600812,E,Estimated value,
QCL,Crops and livestock products,364,Iran (Islamic Republic of),5111,Stocks,02123,Goats,2024,2024,An,18107525,E,Estimated value,
QCL,Crops and livestock products,364,Iran (Islamic Republic of),5313,Laying,0231,"Hen eggs in shell, fresh",2024,2024,1000 An,52793,E,Estimated value,
QCL,Crops and livestock products,364,Iran (Islamic Republic of),5321,Producing Animals/Slaughtered,21121,"Meat of chickens, fresh or chilled",2024,2024,1000 An,1879358,E,Estimated value,
QCL,Crops and livestock products,364,Iran (Islamic Republic of),5111,Stocks,02122,Sheep,2024,2024,An,53820779,E,Estimated value,
QCL,Crops and livestock products,364,Iran (Islamic Republic of),5111,Stocks,02140,Swine / pigs,2024,2024,An,,M,Missing value; data cannot exist,
QCL,Crops and livestock products,368,Iraq,5111,Stocks,02111,Cattle,2024,2024,An,2104351,E,Estimated value,
QCL,Crops and livestock products,368,Iraq,5111,Stocks,02123,Goats,2024,2024,An,1353075,I,Value imputed by a receiving agency,
QCL,Crops and livestock products,368,Iraq,5313,Laying,0231,"Hen eggs in shell, fresh",2024,2024,1000 An,4810,E,Estimated value,
QCL,Crops and livestock products,368,Iraq,5321,Producing Animals/Slaughtered,21121,"Meat of chickens, fresh or chilled",2024,2024,1000 An,142679,I,Value imputed by a receiving agency,
QCL,Crops and livestock products,368,Iraq,5111,Stocks,02122,Sheep,2024,2024,An,6672540,I,Value imputed by a receiving agency,
QCL,Crops and livestock products,372,Ireland,5111,Stocks,02111,Cattle,2024,2024,An,6308300,A,Official value,
QCL,Crops and livestock products,372,Ireland,5111,Stocks,02123,Goats,2024,2024,An,7300,A,Official value,
QCL,Crops and livestock products,372,Ireland,5321,Producing Animals/Slaughtered,21121,"Meat of chickens, fresh or chilled",2024,2024,1000 An,102657,A,Official value,
QCL,Crops and livestock products,372,Ireland,5111,Stocks,02122,Sheep,2024,2024,An,3591640,A,Official value,
QCL,Crops and livestock products,372,Ireland,5111,Stocks,02140,Swine / pigs,2024,2024,An,1473750,A,Official value,
QCL,Crops and livestock products,376,Israel,5111,Stocks,02111,Cattle,2024,2024,An,477958,A,Official value,
QCL,Crops and livestock products,376,Israel,5111,Stocks,02123,Goats,2024,2024,An,109307,A,Official value,
QCL,Crops and livestock products,376,Israel,5313,Laying,0231,"Hen eggs in shell, fresh",2024,2024,1000 An,10930,A,Official value,
QCL,Crops and livestock products,376,Israel,5321,Producing Animals/Slaughtered,21121,"Meat of chickens, fresh or chilled",2024,2024,1000 An,294640,I,Value imputed by a receiving agency,
QCL,Crops and livestock products,376,Israel,5111,Stocks,02122,Sheep,2024,2024,An,400000,A,Official value,
QCL,Crops and livestock products,376,Israel,5111,Stocks,02140,Swine / pigs,2024,2024,An,135796,A,Official value,
QCL,Crops and livestock products,380,Italy,5111,Stocks,02111,Cattle,2024,2024,An,5765000,A,Official value,
QCL,Crops and livestock products,380,Italy,5111,Stocks,02123,Goats,2024,2024,An,911000,A,Official value,
QCL,Crops and livestock products,380,Italy,5321,Producing Animals/Slaughtered,21121,"Meat of chickens, fresh or chilled",2024,2024,1000 An,590905,A,Official value,
QCL,Crops and livestock products,380,Italy,5111,Stocks,02122,Sheep,2024,2024,An,5390350,A,Official value,
QCL,Crops and livestock products,380,Italy,5111,Stocks,02140,Swine / pigs,2024,2024,An,7820490,A,Official value,
QCL,Crops and livestock products,388,Jamaica,5111,Stocks,02111,Cattle,2024,2024,An,153169,I,Value imputed by a receiving agency,
QCL,Crops and livestock products,388,Jamaica,5111,Stocks,02123,Goats,2024,2024,An,602785,I,Value imputed by a receiving agency,
QCL,Crops and livestock products,388,Jamaica,5313,Laying,0231,"Hen eggs in shell, fresh",2024,2024,1000 An,994,A,Official value,
QCL,Crops and livestock products,388,Jamaica,5321,Producing Animals/Slaughtered,21121,"Meat of chickens, fresh or chilled",2024,2024,1000 An,86407,A,Official value,
QCL,Crops and livestock products,388,Jamaica,5111,Stocks,02122,Sheep,2024,2024,An,1311,I,Value imputed by a receiving agency,
QCL,Crops and livestock products,388,Jamaica,5111,Stocks,02140,Swine / pigs,2024,2024,An,220979,I,Value imputed by a receiving agency,
QCL,Crops and livestock products,392,Japan,5111,Stocks,02111,Cattle,2024,2024,An,3985000,A,Official value,
QCL,Crops and livestock products,392,Japan,5111,Stocks,02123,Goats,2024,2024,An,16466,I,Value imputed by a receiving agency,
QCL,Crops and livestock products,392,Japan,5313,Laying,0231,"Hen eggs in shell, fresh",2024,2024,1000 An,129729,A,Official value,
QCL,Crops and livestock products,392,Japan,5321,Producing Animals/Slaughtered,21121,"Meat of chickens, fresh or chilled",2024,2024,1000 An,846705,I,Value imputed by a receiving agency,
QCL,Crops and livestock products,392,Japan,5111,Stocks,02122,Sheep,2024,2024,An,15151,E,Estimated value,
QCL,Crops and livestock products,392,Japan,5111,Stocks,02140,Swine / pigs,2024,2024,An,8798000,A,Official value,
QCL,Crops and livestock products,400,Jordan,5111,Stocks,02111,Cattle,2024,2024,An,88819,A,Official value,
QCL,Crops and livestock products,400,Jordan,5111,Stocks,02123,Goats,2024,2024,An,880126,A,Official value,
QCL,Crops and livestock products,400,Jordan,5313,Laying,0231,"Hen eggs in shell, fresh",2024,2024,1000 An,4074,E,Estimated value,
QCL,Crops and livestock products,400,Jordan,5321,Producing Animals/Slaughtered,21121,"Meat of chickens, fresh or chilled",2024,2024,1000 An,251423,I,Value imputed by a receiving agency,
QCL,Crops and livestock products,400,Jordan,5111,Stocks,02122,Sheep,2024,2024,An,3076021,A,Official value,
QCL,Crops and livestock products,398,Kazakhstan,5111,Stocks,02111,Cattle,2024,2024,An,7976665,A,Official value,
QCL,Crops and livestock products,398,Kazakhstan,5111,Stocks,02123,Goats,2024,2024,An,1678326,A,Official value,
QCL,Crops and livestock products,398,Kazakhstan,5313,Laying,0231,"Hen eggs in shell, fresh",2024,2024,1000 An,18347,A,Official value,
QCL,Crops and livestock products,398,Kazakhstan,5321,Producing Animals/Slaughtered,21121,"Meat of chickens, fresh or chilled",2024,2024,1000 An,186603,A,Official value,
QCL,Crops and livestock products,398,Kazakhstan,5111,Stocks,02122,Sheep,2024,2024,An,18546044,A,Official value,
QCL,Crops and livestock products,398,Kazakhstan,5111,Stocks,02140,Swine / pigs,2024,2024,An,479662,A,Official value,
QCL,Crops and livestock products,404,Kenya,5111,Stocks,02111,Cattle,2024,2024,An,22435638,A,Official value,
QCL,Crops and livestock products,404,Kenya,5111,Stocks,02123,Goats,2024,2024,An,38426161,A,Official value,
QCL,Crops and livestock products,404,Kenya,5313,Laying,0231,"Hen eggs in shell, fresh",2024,2024,1000 An,20489,E,Estimated value,
QCL,Crops and livestock products,404,Kenya,5321,Producing Animals/Slaughtered,21121,"Meat of chickens, fresh or chilled",2024,2024,1000 An,69241,A,Official value,
QCL,Crops and livestock products,404,Kenya,5111,Stocks,02122,Sheep,2024,2024,An,26214927,A,Official value,
QCL,Crops and livestock products,404,Kenya,5111,Stocks,02140,Swine / pigs,2024,2024,An,949807,A,Official value,
QCL,Crops and livestock products,296,Kiribati,5313,Laying,0231,"Hen eggs in shell, fresh",2024,2024,1000 An,103,I,Value imputed by a receiving agency,
QCL,Crops and livestock products,296,Kiribati,5321,Producing Animals/Slaughtered,21121,"Meat of chickens, fresh or chilled",2024,2024,1000 An,1166,E,Estimated value,
QCL,Crops and livestock products,296,Kiribati,5111,Stocks,02140,Swine / pigs,2024,2024,An,15592,E,Estimated value,
QCL,Crops and livestock products,414,Kuwait,5111,Stocks,02111,Cattle,2024,2024,An,32136,E,Estimated value,
QCL,Crops and livestock products,414,Kuwait,5111,Stocks,02123,Goats,2024,2024,An,220640,E,Estimated value,
QCL,Crops and livestock products,414,Kuwait,5313,Laying,0231,"Hen eggs in shell, fresh",2024,2024,1000 An,9488,E,Estimated value,
QCL,Crops and livestock products,414,Kuwait,5321,Producing Animals/Slaughtered,21121,"Meat of chickens, fresh or chilled",2024,2024,1000 An,50502,I,Value imputed by a receiving agency,
QCL,Crops and livestock products,414,Kuwait,5111,Stocks,02122,Sheep,2024,2024,An,737547,E,Estimated value,
QCL,Crops and livestock products,417,Kyrgyzstan,5111,Stocks,02111,Cattle,2024,2024,An,1828768,A,Official value,
QCL,Crops and livestock products,417,Kyrgyzstan,5111,Stocks,02123,Goats,2024,2024,An,659048,A,Official value,
QCL,Crops and livestock products,417,Kyrgyzstan,5313,Laying,0231,"Hen eggs in shell, fresh",2024,2024,1000 An,6624,E,Estimated value,
QCL,Crops and livestock products,417,Kyrgyzstan,5321,Producing Animals/Slaughtered,21121,"Meat of chickens, fresh or chilled",2024,2024,1000 An,11737,E,Estimated value,
QCL,Crops and livestock products,417,Kyrgyzstan,5111,Stocks,02122,Sheep,2024,2024,An,5621278,A,Official value,
QCL,Crops and livestock products,417,Kyrgyzstan,5111,Stocks,02140,Swine / pigs,2024,2024,An,26647,A,Official value,
QCL,Crops and livestock products,418,Lao People's Democratic Republic,5111,Stocks,02111,Cattle,2024,2024,An,2691000,A,Official value,
QCL,Crops and livestock products,418,Lao People's Democratic Republic,5111,Stocks,02123,Goats,2024,2024,An,843000,A,Official value,
QCL,Crops and livestock products,418,Lao People's Democratic Republic,5313,Laying,0231,"Hen eggs in shell, fresh",2024,2024,1000 An,3016,E,Estimated value,
QCL,Crops and livestock products,418,Lao People's Democratic Republic,5321,Producing Animals/Slaughtered,21121,"Meat of chickens, fresh or chilled",2024,2024,1000 An,54084,I,Value imputed by a receiving agency,
QCL,Crops and livestock products,418,Lao People's Democratic Republic,5111,Stocks,02140,Swine / pigs,2024,2024,An,4767000,A,Official value,
QCL,Crops and livestock products,428,Latvia,5111,Stocks,02111,Cattle,2024,2024,An,352090,A,Official value,
QCL,Crops and livestock products,428,Latvia,5111,Stocks,02123,Goats,2024,2024,An,9060,A,Official value,
QCL,Crops and livestock products,428,Latvia,5313,Laying,0231,"Hen eggs in shell, fresh",2024,2024,1000 An,3561,A,Official value,
QCL,Crops and livestock products,428,Latvia,5321,Producing Animals/Slaughtered,21121,"Meat of chickens, fresh or chilled",2024,2024,1000 An,21951,A,Official value,
QCL,Crops and livestock products,428,Latvia,5111,Stocks,02122,Sheep,2024,2024,An,69640,A,Official value,
QCL,Crops and livestock products,428,Latvia,5111,Stocks,02140,Swine / pigs,2024,2024,An,300060,A,Official value,
QCL,Crops and livestock products,422,Lebanon,5111,Stocks,02111,Cattle,2024,2024,An,75538,I,Value imputed by a receiving agency,
QCL,Crops and livestock products,422,Lebanon,5111,Stocks,02123,Goats,2024,2024,An,349391,E,Estimated value,
QCL,Crops and livestock products,422,Lebanon,5313,Laying,0231,"Hen eggs in shell, fresh",2024,2024,1000 An,4400,E,Estimated value,
QCL,Crops and livestock products,422,Lebanon,5321,Producing Animals/Slaughtered,21121,"Meat of chickens, fresh or chilled",2024,2024,1000 An,64503,I,Value imputed by a receiving agency,
QCL,Crops and livestock products,422,Lebanon,5111,Stocks,02122,Sheep,2024,2024,An,430853,E,Estimated value,
QCL,Crops and livestock products,422,Lebanon,5111,Stocks,02140,Swine / pigs,2024,2024,An,7474,I,Value imputed by a receiving agency,
QCL,Crops and livestock products,426,Lesotho,5111,Stocks,02111,Cattle,2024,2024,An,517450,E,Estimated value,
QCL,Crops and livestock products,426,Lesotho,5111,Stocks,02123,Goats,2024,2024,An,700831,E,Estimated value,
QCL,Crops and livestock products,426,Lesotho,5313,Laying,0231,"Hen eggs in shell, fresh",2024,2024,1000 An,267,E,Estimated value,
QCL,Crops and livestock products,426,Lesotho,5321,Producing Animals/Slaughtered,21121,"Meat of chickens, fresh or chilled",2024,2024,1000 An,711,I,Value imputed by a receiving agency,
QCL,Crops and livestock products,426,Lesotho,5111,Stocks,02122,Sheep,2024,2024,An,1913822,E,Estimated value,
QCL,Crops and livestock products,426,Lesotho,5111,Stocks,02140,Swine / pigs,2024,2024,An,35490,E,Estimated value,
QCL,Crops and livestock products,430,Liberia,5111,Stocks,02111,Cattle,2024,2024,An,43270,I,Value imputed by a receiving agency,
QCL,Crops and livestock products,430,Liberia,5111,Stocks,02123,Goats,2024,2024,An,337439,I,Value imputed by a receiving agency,
QCL,Crops and livestock products,430,Liberia,5313,Laying,0231,"Hen eggs in shell, fresh",2024,2024,1000 An,1222,I,Value imputed by a receiving agency,
QCL,Crops and livestock products,430,Liberia,5321,Producing Animals/Slaughtered,21121,"Meat of chickens, fresh or chilled",2024,2024,1000 An,17273,E,Estimated value,
QCL,Crops and livestock products,430,Liberia,5111,Stocks,02122,Sheep,2024,2024,An,281696,I,Value imputed by a receiving agency,
QCL,Crops and livestock products,430,Liberia,5111,Stocks,02140,Swine / pigs,2024,2024,An,273192,I,Value imputed by a receiving agency,
QCL,Crops and livestock products,434,Libya,5111,Stocks,02111,Cattle,2024,2024,An,208931,E,Estimated value,
QCL,Crops and livestock products,434,Libya,5111,Stocks,02123,Goats,2024,2024,An,2726038,I,Value imputed by a receiving agency,
QCL,Crops and livestock products,434,Libya,5313,Laying,0231,"Hen eggs in shell, fresh",2024,2024,1000 An,9984,I,Value imputed by a receiving agency,
QCL,Crops and livestock products,434,Libya,5321,Producing Animals/Slaughtered,21121,"Meat of chickens, fresh or chilled",2024,2024,1000 An,112024,I,Value imputed by a receiving agency,
QCL,Crops and livestock products,434,Libya,5111,Stocks,02122,Sheep,2024,2024,An,7491773,I,Value imputed by a receiving agency,
QCL,Crops and livestock products,440,Lithuania,5111,Stocks,02111,Cattle,2024,2024,An,599770,A,Official value,
QCL,Crops and livestock products,440,Lithuania,5111,Stocks,02123,Goats,2024,2024,An,13490,A,Official value,
QCL,Crops and livestock products,440,Lithuania,5313,Laying,0231,"Hen eggs in shell, fresh",2024,2024,1000 An,3624,A,Official value,
QCL,Crops and livestock products,440,Lithuania,5321,Producing Animals/Slaughtered,21121,"Meat of chickens, fresh or chilled",2024,2024,1000 An,47492,A,Official value,
QCL,Crops and livestock products,440,Lithuania,5111,Stocks,02122,Sheep,2024,2024,An,124410,A,Official value,
QCL,Crops and livestock products,440,Lithuania,5111,Stocks,02140,Swine / pigs,2024,2024,An,496790,A,Official value,
QCL,Crops and livestock products,442,Luxembourg,5111,Stocks,02111,Cattle,2024,2024,An,180530,A,Official value,
QCL,Crops and livestock products,442,Luxembourg,5111,Stocks,02123,Goats,2024,2024,An,4422,A,Official value,
QCL,Crops and livestock products,442,Luxembourg,5321,Producing Animals/Slaughtered,21121,"Meat of chickens, fresh or chilled",2024,2024,1000 An,0,A,Official value,
QCL,Crops and livestock products,442,Luxembourg,5111,Stocks,02122,Sheep,2024,2024,An,9635,A,Official value,
QCL,Crops and livestock products,442,Luxembourg,5111,Stocks,02140,Swine / pigs,2024,2024,An,64810,A,Official value,
QCL,Crops and livestock products,450,Madagascar,5111,Stocks,02111,Cattle,2024,2024,An,6957211,E,Estimated value,
QCL,Crops and livestock products,450,Madagascar,5111,Stocks,02123,Goats,2024,2024,An,1738386,I,Value imputed by a receiving agency,
QCL,Crops and livestock products,450,Madagascar,5313,Laying,0231,"Hen eggs in shell, fresh",2024,2024,1000 An,3890,E,Estimated value,
QCL,Crops and livestock products,450,Madagascar,5321,Producing Animals/Slaughtered,21121,"Meat of chickens, fresh or chilled",2024,2024,1000 An,66955,E,Estimated value,
QCL,Crops and livestock products,450,Madagascar,5111,Stocks,02122,Sheep,2024,2024,An,925907,I,Value imputed by a receiving agency,
QCL,Crops and livestock products,450,Madagascar,5111,Stocks,02140,Swine / pigs,2024,2024,An,2124304,E,Estimated value,
QCL,Crops and livestock products,454,Malawi,5111,Stocks,02111,Cattle,2024,2024,An,2307952,I,Value imputed by a receiving agency,
QCL,Crops and livestock products,454,Malawi,5111,Stocks,02123,Goats,2024,2024,An,13790630,I,Value imputed by a receiving agency,
QCL,Crops and livestock products,454,Malawi,5313,Laying,0231,"Hen eggs in shell, fresh",2024,2024,1000 An,5474,I,Value imputed by a receiving agency,
QCL,Crops and livestock products,454,Malawi,5321,Producing Animals/Slaughtered,21121,"Meat of chickens, fresh or chilled",2024,2024,1000 An,36280,E,Estimated value,
QCL,Crops and livestock products,454,Malawi,5111,Stocks,02122,Sheep,2024,2024,An,436701,I,Value imputed by a receiving agency,
QCL,Crops and livestock products,454,Malawi,5111,Stocks,02140,Swine / pigs,2024,2024,An,12140948,I,Value imputed by a receiving agency,
QCL,Crops and livestock products,458,Malaysia,5111,Stocks,02111,Cattle,2024,2024,An,730318,A,Official value,
QCL,Crops and livestock products,458,Malaysia,5111,Stocks,02123,Goats,2024,2024,An,344210,A,Official value,
QCL,Crops and livestock products,458,Malaysia,5313,Laying,0231,"Hen eggs in shell, fresh",2024,2024,1000 An,111373,I,Value imputed by a receiving agency,
QCL,Crops and livestock products,458,Malaysia,5321,Producing Animals/Slaughtered,21121,"Meat of chickens, fresh or chilled",2024,2024,1000 An,659280,I,Value imputed by a receiving agency,
QCL,Crops and livestock products,458,Malaysia,5111,Stocks,02122,Sheep,2024,2024,An,139393,A,Official value,
QCL,Crops and livestock products,458,Malaysia,5111,Stocks,02140,Swine / pigs,2024,2024,An,1234242,A,Official value,
QCL,Crops and livestock products,466,Mali,5111,Stocks,02111,Cattle,2024,2024,An,14040120,A,Official value,
QCL,Crops and livestock products,466,Mali,5111,Stocks,02123,Goats,2024,2024,An,33803901,A,Official value,
QCL,Crops and livestock products,466,Mali,5313,Laying,0231,"Hen eggs in shell, fresh",2024,2024,1000 An,10976,I,Value imputed by a receiving agency,
QCL,Crops and livestock products,466,Mali,5321,Producing Animals/Slaughtered,21121,"Meat of chickens, fresh or chilled",2024,2024,1000 An,92627,I,Value imputed by a receiving agency,
QCL,Crops and livestock products,466,Mali,5111,Stocks,02122,Sheep,2024,2024,An,24483549,A,Official value,
QCL,Crops and livestock products,466,Mali,5111,Stocks,02140,Swine / pigs,2024,2024,An,91478,A,Official value,
QCL,Crops and livestock products,470,Malta,5111,Stocks,02111,Cattle,2024,2024,An,13800,A,Official value,
QCL,Crops and livestock products,470,Malta,5111,Stocks,02123,Goats,2024,2024,An,6670,A,Official value,
QCL,Crops and livestock products,470,Malta,5321,Producing Animals/Slaughtered,21121,"Meat of chickens, fresh or chilled",2024,2024,1000 An,3012,A,Official value,
QCL,Crops and livestock products,470,Malta,5111,Stocks,02122,Sheep,2024,2024,An,14560,A,Official value,
QCL,Crops and livestock products,470,Malta,5111,Stocks,02140,Swine / pigs,2024,2024,An,37210,A,Official value,
QCL,Crops and livestock products,478,Mauritania,5111,Stocks,02111,Cattle,2024,2024,An,1992320,E,Estimated value,
QCL,Crops and livestock products,478,Mauritania,5111,Stocks,02123,Goats,2024,2024,An,7149823,E,Estimated value,
QCL,Crops and livestock products,478,Mauritania,5313,Laying,0231,"Hen eggs in shell, fresh",2024,2024,1000 An,1760,I,Value imputed by a receiving agency,
QCL,Crops and livestock products,478,Mauritania,5321,Producing Animals/Slaughtered,21121,"Meat of chickens, fresh or chilled",2024,2024,1000 An,6170,I,Value imputed by a receiving agency,
QCL,Crops and livestock products,478,Mauritania,5111,Stocks,02122,Sheep,2024,2024,An,11208099,E,Estimated value,
QCL,Crops and livestock products,480,Mauritius,5111,Stocks,02111,Cattle,2024,2024,An,3500,E,Estimated value,
QCL,Crops and livestock products,480,Mauritius,5111,Stocks,02123,Goats,2024,2024,An,23038,I,Value imputed by a receiving agency,
QCL,Crops and livestock products,480,Mauritius,5313,Laying,0231,"Hen eggs in shell, fresh",2024,2024,1000 An,1500,E,Estimated value,
QCL,Crops and livestock products,480,Mauritius,5321,Producing Animals/Slaughtered,21121,"Meat of chickens, fresh or chilled",2024,2024,1000 An,49850,I,Value imputed by a receiving agency,
QCL,Crops and livestock products,480,Mauritius,5111,Stocks,02122,Sheep,2024,2024,An,5050,E,Estimated value,
QCL,Crops and livestock products,480,Mauritius,5111,Stocks,02140,Swine / pigs,2024,2024,An,23712,I,Value imputed by a receiving agency,
QCL,Crops and livestock products,484,Mexico,5111,Stocks,02111,Cattle,2024,2024,An,36933201,I,Value imputed by a receiving agency,
QCL,Crops and livestock products,484,Mexico,5111,Stocks,02123,Goats,2024,2024,An,8807414,I,Value imputed by a receiving agency,
QCL,Crops and livestock products,484,Mexico,5313,Laying,0231,"Hen eggs in shell, fresh",2024,2024,1000 An,222962,I,Value imputed by a receiving agency,
QCL,Crops and livestock products,484,Mexico,5321,Producing Animals/Slaughtered,21121,"Meat of chickens, fresh or chilled",2024,2024,1000 An,2133747,A,Official value,
QCL,Crops and livestock products,484,Mexico,5111,Stocks,02122,Sheep,2024,2024,An,8866253,I,Value imputed by a receiving agency,
QCL,Crops and livestock products,484,Mexico,5111,Stocks,02140,Swine / pigs,2024,2024,An,19856591,I,Value imputed by a receiving agency,
QCL,Crops and livestock products,583,Micronesia (Federated States of),5111,Stocks,02111,Cattle,2024,2024,An,18180,E,Estimated value,
QCL,Crops and livestock products,583,Micronesia (Federated States of),5111,Stocks,02123,Goats,2024,2024,An,4926,E,Estimated value,
QCL,Crops and livestock products,583,Micronesia (Federated States of),5313,Laying,0231,"Hen eggs in shell, fresh",2024,2024,1000 An,93,I,Value imputed by a receiving agency,
QCL,Crops and livestock products,583,Micronesia (Federated States of),5321,Producing Animals/Slaughtered,21121,"Meat of chickens, fresh or chilled",2024,2024,1000 An,203,I,Value imputed by a receiving agency,
QCL,Crops and livestock products,583,Micronesia (Federated States of),5111,Stocks,02140,Swine / pigs,2024,2024,An,39004,E,Estimated value,
QCL,Crops and livestock products,496,Mongolia,5111,Stocks,02111,Cattle,2024,2024,An,5074552,A,Official value,
QCL,Crops and livestock products,496,Mongolia,5111,Stocks,02123,Goats,2024,2024,An,22920180,A,Official value,
QCL,Crops and livestock products,496,Mongolia,5313,Laying,0231,"Hen eggs in shell, fresh",2024,2024,1000 An,1549,A,Official value,
QCL,Crops and livestock products,496,Mongolia,5321,Producing Animals/Slaughtered,21121,"Meat of chickens, fresh or chilled",2024,2024,1000 An,349,E,Estimated value,
QCL,Crops and livestock products,496,Mongolia,5111,Stocks,02122,Sheep,2024,2024,An,24491124,A,Official value,
QCL,Crops and livestock products,496,Mongolia,5111,Stocks,02140,Swine / pigs,2024,2024,An,21258,A,Official value,
QCL,Crops and livestock products,499,Montenegro,5111,Stocks,02111,Cattle,2024,2024,An,67496,A,Official value,
QCL,Crops and livestock products,499,Montenegro,5111,Stocks,02123,Goats,2024,2024,An,26833,A,Official value,
QCL,Crops and livestock products,499,Montenegro,5313,Laying,0231,"Hen eggs in shell, fresh",2024,2024,1000 An,1016,A,Official value,
QCL,Crops and livestock products,499,Montenegro,5321,Producing Animals/Slaughtered,21121,"Meat of chickens, fresh or chilled",2024,2024,1000 An,4448,I,Value imputed by a receiving agency,
QCL,Crops and livestock products,499,Montenegro,5111,Stocks,02122,Sheep,2024,2024,An,144916,A,Official value,
QCL,Crops and livestock products,499,Montenegro,5111,Stocks,02140,Swine / pigs,2024,2024,An,29270,A,Official value,
QCL,Crops and livestock products,504,Morocco,5111,Stocks,02111,Cattle,2024,2024,An,2365210,A,Official value,
QCL,Crops and livestock products,504,Morocco,5111,Stocks,02123,Goats,2024,2024,An,5709531,A,Official value,
QCL,Crops and livestock products,504,Morocco,5313,Laying,0231,"Hen eggs in shell, fresh",2024,2024,1000 An,22165,I,Value imputed by a receiving agency,
QCL,Crops and livestock products,504,Morocco,5321,Producing Animals/Slaughtered,21121,"Meat of chickens, fresh or chilled",2024,2024,1000 An,647800,E,Estimated value,
QCL,Crops and livestock products,504,Morocco,5111,Stocks,02122,Sheep,2024,2024,An,19892910,A,Official value,
QCL,Crops and livestock products,504,Morocco,5111,Stocks,02140,Swine / pigs,2024,2024,An,7782,I,Value imputed by a receiving agency,
QCL,Crops and livestock products,508,Mozambique,5111,Stocks,02111,Cattle,2024,2024,An,2467082,A,Official value,
QCL,Crops and livestock products,508,Mozambique,5111,Stocks,02123,Goats,2024,2024,An,4101030,A,Official value,
QCL,Crops and livestock products,508,Mozambique,5313,Laying,0231,"Hen eggs in shell, fresh",2024,2024,1000 An,3557,E,Estimated value,
QCL,Crops and livestock products,508,Mozambique,5321,Producing Animals/Slaughtered,21121,"Meat of chickens, fresh or chilled",2024,2024,1000 An,75444,E,Estimated value,
QCL,Crops and livestock products,508,Mozambique,5111,Stocks,02122,Sheep,2024,2024,An,229764,A,Official value,
QCL,Crops and livestock products,508,Mozambique,5111,Stocks,02140,Swine / pigs,2024,2024,An,1755399,A,Official value,
QCL,Crops and livestock products,104,Myanmar,5111,Stocks,02111,Cattle,2024,2024,An,10800000,E,Estimated value,
QCL,Crops and livestock products,104,Myanmar,5111,Stocks,02123,Goats,2024,2024,An,2300000,E,Estimated value,
QCL,Crops and livestock products,104,Myanmar,5313,Laying,0231,"Hen eggs in shell, fresh",2024,2024,1000 An,31435,E,Estimated value,
QCL,Crops and livestock products,104,Myanmar,5321,Producing Animals/Slaughtered,21121,"Meat of chickens, fresh or chilled",2024,2024,1000 An,526303,E,Estimated value,
QCL,Crops and livestock products,104,Myanmar,5111,Stocks,02122,Sheep,2024,2024,An,540000,E,Estimated value,
QCL,Crops and livestock products,104,Myanmar,5111,Stocks,02140,Swine / pigs,2024,2024,An,7800000,E,Estimated value,
QCL,Crops and livestock products,516,Namibia,5111,Stocks,02111,Cattle,2024,2024,An,2907986,E,Estimated value,
QCL,Crops and livestock products,516,Namibia,5111,Stocks,02123,Goats,2024,2024,An,1785997,I,Value imputed by a receiving agency,
QCL,Crops and livestock products,516,Namibia,5313,Laying,0231,"Hen eggs in shell, fresh",2024,2024,1000 An,817,I,Value imputed by a receiving agency,
QCL,Crops and livestock products,516,Namibia,5321,Producing Animals/Slaughtered,21121,"Meat of chickens, fresh or chilled",2024,2024,1000 An,13196,I,Value imputed by a receiving agency,
QCL,Crops and livestock products,516,Namibia,5111,Stocks,02122,Sheep,2024,2024,An,1921652,E,Estimated value,
QCL,Crops and livestock products,516,Namibia,5111,Stocks,02140,Swine / pigs,2024,2024,An,87256,I,Value imputed by a receiving agency,
QCL,Crops and livestock products,520,Naoero,5313,Laying,0231,"Hen eggs in shell, fresh",2024,2024,1000 An,2,E,Estimated value,
QCL,Crops and livestock products,520,Naoero,5321,Producing Animals/Slaughtered,21121,"Meat of chickens, fresh or chilled",2024,2024,1000 An,5,I,Value imputed by a receiving agency,
QCL,Crops and livestock products,520,Naoero,5111,Stocks,02140,Swine / pigs,2024,2024,An,3034,I,Value imputed by a receiving agency,
QCL,Crops and livestock products,524,Nepal,5111,Stocks,02111,Cattle,2024,2024,An,5198388,A,Official value,
QCL,Crops and livestock products,524,Nepal,5111,Stocks,02123,Goats,2024,2024,An,15289954,A,Official value,
QCL,Crops and livestock products,524,Nepal,5313,Laying,0231,"Hen eggs in shell, fresh",2024,2024,1000 An,13487,A,Official value,
QCL,Crops and livestock products,524,Nepal,5321,Producing Animals/Slaughtered,21121,"Meat of chickens, fresh or chilled",2024,2024,1000 An,235097,E,Estimated value,
QCL,Crops and livestock products,524,Nepal,5111,Stocks,02122,Sheep,2024,2024,An,633222,A,Official value,
QCL,Crops and livestock products,524,Nepal,5111,Stocks,02140,Swine / pigs,2024,2024,An,1497411,A,Official value,
QCL,Crops and livestock products,528,Netherlands (Kingdom of the),5111,Stocks,02111,Cattle,2024,2024,An,3562000,A,Official value,
QCL,Crops and livestock products,528,Netherlands (Kingdom of the),5111,Stocks,02123,Goats,2024,2024,An,552000,A,Official value,
QCL,Crops and livestock products,528,Netherlands (Kingdom of the),5313,Laying,0231,"Hen eggs in shell, fresh",2024,2024,1000 An,40470,A,Official value,
QCL,Crops and livestock products,528,Netherlands (Kingdom of the),5321,Producing Animals/Slaughtered,21121,"Meat of chickens, fresh or chilled",2024,2024,1000 An,503234,A,Official value,
QCL,Crops and livestock products,528,Netherlands (Kingdom of the),5111,Stocks,02122,Sheep,2024,2024,An,607000,A,Official value,
QCL,Crops and livestock products,528,Netherlands (Kingdom of the),5111,Stocks,02140,Swine / pigs,2024,2024,An,10192000,A,Official value,
QCL,Crops and livestock products,540,New Caledonia,5111,Stocks,02111,Cattle,2024,2024,An,77281,I,Value imputed by a receiving agency,
QCL,Crops and livestock products,540,New Caledonia,5111,Stocks,02123,Goats,2024,2024,An,1550,E,Estimated value,
QCL,Crops and livestock products,540,New Caledonia,5313,Laying,0231,"Hen eggs in shell, fresh",2024,2024,1000 An,159,I,Value imputed by a receiving agency,
QCL,Crops and livestock products,540,New Caledonia,5321,Producing Animals/Slaughtered,21121,"Meat of chickens, fresh or chilled",2024,2024,1000 An,582,E,Estimated value,
QCL,Crops and livestock products,540,New Caledonia,5111,Stocks,02122,Sheep,2024,2024,An,1753,I,Value imputed by a receiving agency,
QCL,Crops and livestock products,540,New Caledonia,5111,Stocks,02140,Swine / pigs,2024,2024,An,36916,I,Value imputed by a receiving agency,
QCL,Crops and livestock products,554,New Zealand,5111,Stocks,02111,Cattle,2024,2024,An,9516288,A,Official value,
QCL,Crops and livestock products,554,New Zealand,5111,Stocks,02123,Goats,2024,2024,An,88428,A,Official value,
QCL,Crops and livestock products,554,New Zealand,5313,Laying,0231,"Hen eggs in shell, fresh",2024,2024,1000 An,3762,A,Official value,
QCL,Crops and livestock products,554,New Zealand,5321,Producing Animals/Slaughtered,21121,"Meat of chickens, fresh or chilled",2024,2024,1000 An,123806,A,Official value,
QCL,Crops and livestock products,554,New Zealand,5111,Stocks,02122,Sheep,2024,2024,An,23583001,A,Official value,
QCL,Crops and livestock products,554,New Zealand,5111,Stocks,02140,Swine / pigs,2024,2024,An,243588,A,Official value,
QCL,Crops and livestock products,562,Niger,5111,Stocks,02111,Cattle,2024,2024,An,20375030,A,Official value,
QCL,Crops and livestock products,562,Niger,5111,Stocks,02123,Goats,2024,2024,An,22031302,A,Official value,
QCL,Crops and livestock products,562,Niger,5313,Laying,0231,"Hen eggs in shell, fresh",2024,2024,1000 An,3890,I,Value imputed by a receiving agency,
QCL,Crops and livestock products,562,Niger,5321,Producing Animals/Slaughtered,21121,"Meat of chickens, fresh or chilled",2024,2024,1000 An,25575,I,Value imputed by a receiving agency,
QCL,Crops and livestock products,562,Niger,5111,Stocks,02122,Sheep,2024,2024,An,15669056,A,Official value,
QCL,Crops and livestock products,562,Niger,5111,Stocks,02140,Swine / pigs,2024,2024,An,42943,I,Value imputed by a receiving agency,
QCL,Crops and livestock products,566,Nigeria,5111,Stocks,02111,Cattle,2024,2024,An,20943448,I,Value imputed by a receiving agency,
QCL,Crops and livestock products,566,Nigeria,5111,Stocks,02123,Goats,2024,2024,An,90970883,I,Value imputed by a receiving agency,
QCL,Crops and livestock products,566,Nigeria,5313,Laying,0231,"Hen eggs in shell, fresh",2024,2024,1000 An,136854,E,Estimated value,
QCL,Crops and livestock products,566,Nigeria,5321,Producing Animals/Slaughtered,21121,"Meat of chickens, fresh or chilled",2024,2024,1000 An,342933,I,Value imputed by a receiving agency,
QCL,Crops and livestock products,566,Nigeria,5111,Stocks,02122,Sheep,2024,2024,An,52136324,I,Value imputed by a receiving agency,
QCL,Crops and livestock products,566,Nigeria,5111,Stocks,02140,Swine / pigs,2024,2024,An,9958091,I,Value imputed by a receiving agency,
QCL,Crops and livestock products,570,Niue,5111,Stocks,02111,Cattle,2024,2024,An,113,I,Value imputed by a receiving agency,
QCL,Crops and livestock products,570,Niue,5313,Laying,0231,"Hen eggs in shell, fresh",2024,2024,1000 An,3,I,Value imputed by a receiving agency,
QCL,Crops and livestock products,570,Niue,5321,Producing Animals/Slaughtered,21121,"Meat of chickens, fresh or chilled",2024,2024,1000 An,25,I,Value imputed by a receiving agency,
QCL,Crops and livestock products,570,Niue,5111,Stocks,02140,Swine / pigs,2024,2024,An,2362,I,Value imputed by a receiving agency,
QCL,Crops and livestock products,807,North Macedonia,5111,Stocks,02111,Cattle,2024,2024,An,143953,A,Official value,
QCL,Crops and livestock products,807,North Macedonia,5111,Stocks,02123,Goats,2024,2024,An,97918,A,Official value,
QCL,Crops and livestock products,807,North Macedonia,5313,Laying,0231,"Hen eggs in shell, fresh",2024,2024,1000 An,1026,A,Official value,
QCL,Crops and livestock products,807,North Macedonia,5321,Producing Animals/Slaughtered,21121,"Meat of chickens, fresh or chilled",2024,2024,1000 An,2520,I,Value imputed by a receiving agency,
QCL,Crops and livestock products,807,North Macedonia,5111,Stocks,02122,Sheep,2024,2024,An,517128,A,Official value,
QCL,Crops and livestock products,807,North Macedonia,5111,Stocks,02140,Swine / pigs,2024,2024,An,179682,A,Official value,
QCL,Crops and livestock products,578,Norway,5111,Stocks,02111,Cattle,2024,2024,An,852800,A,Official value,
QCL,Crops and livestock products,578,Norway,5111,Stocks,02123,Goats,2024,2024,An,75000,A,Official value,
QCL,Crops and livestock products,578,Norway,5313,Laying,0231,"Hen eggs in shell, fresh",2024,2024,1000 An,4598,A,Official value,
QCL,Crops and livestock products,578,Norway,5321,Producing Animals/Slaughtered,21121,"Meat of chickens, fresh or chilled",2024,2024,1000 An,72710,A,Official value,
QCL,Crops and livestock products,578,Norway,5111,Stocks,02122,Sheep,2024,2024,An,2128600,A,Official value,
QCL,Crops and livestock products,578,Norway,5111,Stocks,02140,Swine / pigs,2024,2024,An,709600,A,Official value,
QCL,Crops and livestock products,512,Oman,5111,Stocks,02111,Cattle,2024,2024,An,446988,A,Official value,
QCL,Crops and livestock products,512,Oman,5111,Stocks,02123,Goats,2024,2024,An,2592694,A,Official value,
QCL,Crops and livestock products,512,Oman,5313,Laying,0231,"Hen eggs in shell, fresh",2024,2024,1000 An,2681,E,Estimated value,
QCL,Crops and livestock products,512,Oman,5321,Producing Animals/Slaughtered,21121,"Meat of chickens, fresh or chilled",2024,2024,1000 An,8675,I,Value imputed by a receiving agency,
QCL,Crops and livestock products,512,Oman,5111,Stocks,02122,Sheep,2024,2024,An,681650,A,Official value,
QCL,Crops and livestock products,586,Pakistan,5111,Stocks,02111,Cattle,2024,2024,An,57541000,A,Official value,
QCL,Crops and livestock products,586,Pakistan,5111,Stocks,02123,Goats,2024,2024,An,87035000,A,Official value,
QCL,Crops and livestock products,586,Pakistan,5313,Laying,0231,"Hen eggs in shell, fresh",2024,2024,1000 An,127820,E,Estimated value,
QCL,Crops and livestock products,586,Pakistan,5321,Producing Animals/Slaughtered,21121,"Meat of chickens, fresh or chilled",2024,2024,1000 An,2013890,A,Official value,
QCL,Crops and livestock products,586,Pakistan,5111,Stocks,02122,Sheep,2024,2024,An,32731000,A,Official value,
QCL,Crops and livestock products,591,Panama,5111,Stocks,02111,Cattle,2024,2024,An,1401169,A,Official value,
QCL,Crops and livestock products,591,Panama,5111,Stocks,02123,Goats,2024,2024,An,8998,I,Value imputed by a receiving agency,
QCL,Crops and livestock products,591,Panama,5313,Laying,0231,"Hen eggs in shell, fresh",2024,2024,1000 An,2666,E,Estimated value,
QCL,Crops and livestock products,591,Panama,5321,Producing Animals/Slaughtered,21121,"Meat of chickens, fresh or chilled",2024,2024,1000 An,112000,A,Official value,
QCL,Crops and livestock products,591,Panama,5111,Stocks,02140,Swine / pigs,2024,2024,An,508934,A,Official value,
QCL,Crops and livestock products,598,Papua New Guinea,5111,Stocks,02111,Cattle,2024,2024,An,90889,I,Value imputed by a receiving agency,
QCL,Crops and livestock products,598,Papua New Guinea,5111,Stocks,02123,Goats,2024,2024,An,3150,I,Value imputed by a receiving agency,
QCL,Crops and livestock products,598,Papua New Guinea,5313,Laying,0231,"Hen eggs in shell, fresh",2024,2024,1000 An,1730,I,Value imputed by a receiving agency,
QCL,Crops and livestock products,598,Papua New Guinea,5321,Producing Animals/Slaughtered,21121,"Meat of chickens, fresh or chilled",2024,2024,1000 An,7542,E,Estimated value,
QCL,Crops and livestock products,598,Papua New Guinea,5111,Stocks,02122,Sheep,2024,2024,An,7309,I,Value imputed by a receiving agency,
QCL,Crops and livestock products,598,Papua New Guinea,5111,Stocks,02140,Swine / pigs,2024,2024,An,2055539,I,Value imputed by a receiving agency,
QCL,Crops and livestock products,600,Paraguay,5111,Stocks,02111,Cattle,2024,2024,An,13630216,E,Estimated value,
QCL,Crops and livestock products,600,Paraguay,5111,Stocks,02123,Goats,2024,2024,An,117040,I,Value imputed by a receiving agency,
QCL,Crops and livestock products,600,Paraguay,5313,Laying,0231,"Hen eggs in shell, fresh",2024,2024,1000 An,9805,E,Estimated value,
QCL,Crops and livestock products,600,Paraguay,5321,Producing Animals/Slaughtered,21121,"Meat of chickens, fresh or chilled",2024,2024,1000 An,78423,I,Value imputed by a receiving agency,
QCL,Crops and livestock products,600,Paraguay,5111,Stocks,02122,Sheep,2024,2024,An,371738,I,Value imputed by a receiving agency,
QCL,Crops and livestock products,600,Paraguay,5111,Stocks,02140,Swine / pigs,2024,2024,An,1674266,E,Estimated value,
QCL,Crops and livestock products,604,Peru,5111,Stocks,02111,Cattle,2024,2024,An,5842166,A,Official value,
QCL,Crops and livestock products,604,Peru,5111,Stocks,02123,Goats,2024,2024,An,1749263,A,Official value,
QCL,Crops and livestock products,604,Peru,5313,Laying,0231,"Hen eggs in shell, fresh",2024,2024,1000 An,27777,A,Official value,
QCL,Crops and livestock products,604,Peru,5321,Producing Animals/Slaughtered,21121,"Meat of chickens, fresh or chilled",2024,2024,1000 An,826762,A,Official value,
QCL,Crops and livestock products,604,Peru,5111,Stocks,02122,Sheep,2024,2024,An,11278083,A,Official value,
QCL,Crops and livestock products,604,Peru,5111,Stocks,02140,Swine / pigs,2024,2024,An,3519668,A,Official value,
QCL,Crops and livestock products,608,Philippines,5111,Stocks,02111,Cattle,2024,2024,An,2605517,A,Official value,
QCL,Crops and livestock products,608,Philippines,5111,Stocks,02123,Goats,2024,2024,An,3824485,A,Official value,
QCL,Crops and livestock products,608,Philippines,5313,Laying,0231,"Hen eggs in shell, fresh",2024,2024,1000 An,141721,E,Estimated value,
QCL,Crops and livestock products,608,Philippines,5321,Producing Animals/Slaughtered,21121,"Meat of chickens, fresh or chilled",2024,2024,1000 An,1343477,A,Official value,
QCL,Crops and livestock products,608,Philippines,5111,Stocks,02122,Sheep,2024,2024,An,30000,I,Value imputed by a receiving agency,
QCL,Crops and livestock products,608,Philippines,5111,Stocks,02140,Swine / pigs,2024,2024,An,9566230,A,Official value,
QCL,Crops and livestock products,616,Poland,5111,Stocks,02111,Cattle,2024,2024,An,6190930,A,Official value,
QCL,Crops and livestock products,616,Poland,5111,Stocks,02123,Goats,2024,2024,An,63492,A,Official value,
QCL,Crops and livestock products,616,Poland,5313,Laying,0231,"Hen eggs in shell, fresh",2024,2024,1000 An,57473,A,Official value,
QCL,Crops and livestock products,616,Poland,5321,Producing Animals/Slaughtered,21121,"Meat of chickens, fresh or chilled",2024,2024,1000 An,1297914,A,Official value,
QCL,Crops and livestock products,616,Poland,5111,Stocks,02122,Sheep,2024,2024,An,269538,A,Official value,
QCL,Crops and livestock products,616,Poland,5111,Stocks,02140,Swine / pigs,2024,2024,An,9078250,A,Official value,
QCL,Crops and livestock products,620,Portugal,5111,Stocks,02111,Cattle,2024,2024,An,1486910,A,Official value,
QCL,Crops and livestock products,620,Portugal,5111,Stocks,02123,Goats,2024,2024,An,318650,A,Official value,
QCL,Crops and livestock products,620,Portugal,5313,Laying,0231,"Hen eggs in shell, fresh",2024,2024,1000 An,7510,A,Official value,
QCL,Crops and livestock products,620,Portugal,5321,Producing Animals/Slaughtered,21121,"Meat of chickens, fresh or chilled",2024,2024,1000 An,231441,A,Official value,
QCL,Crops and livestock products,620,Portugal,5111,Stocks,02122,Sheep,2024,2024,An,2142450,A,Official value,
QCL,Crops and livestock products,620,Portugal,5111,Stocks,02140,Swine / pigs,2024,2024,An,2192680,A,Official value,
QCL,Crops and livestock products,630,Puerto Rico,5111,Stocks,02111,Cattle,2024,2024,An,218598,E,Estimated value,
QCL,Crops and livestock products,630,Puerto Rico,5111,Stocks,02123,Goats,2024,2024,An,3536,E,Estimated value,
QCL,Crops and livestock products,630,Puerto Rico,5313,Laying,0231,"Hen eggs in shell, fresh",2024,2024,1000 An,1248,E,Estimated value,
QCL,Crops and livestock products,630,Puerto Rico,5321,Producing Animals/Slaughtered,21121,"Meat of chickens, fresh or chilled",2024,2024,1000 An,19834,I,Value imputed by a receiving agency,
QCL,Crops and livestock products,630,Puerto Rico,5111,Stocks,02122,Sheep,2024,2024,An,12791,I,Value imputed by a receiving agency,
QCL,Crops and livestock products,630,Puerto Rico,5111,Stocks,02140,Swine / pigs,2024,2024,An,40725,E,Estimated value,
QCL,Crops and livestock products,634,Qatar,5111,Stocks,02111,Cattle,2024,2024,An,45424,E,Estimated value,
QCL,Crops and livestock products,634,Qatar,5111,Stocks,02123,Goats,2024,2024,An,371701,E,Estimated value,
QCL,Crops and livestock products,634,Qatar,5313,Laying,0231,"Hen eggs in shell, fresh",2024,2024,1000 An,940,E,Estimated value,
QCL,Crops and livestock products,634,Qatar,5321,Producing Animals/Slaughtered,21121,"Meat of chickens, fresh or chilled",2024,2024,1000 An,21243,E,Estimated value,
QCL,Crops and livestock products,634,Qatar,5111,Stocks,02122,Sheep,2024,2024,An,804695,I,Value imputed by a receiving agency,
QCL,Crops and livestock products,410,Republic of Korea,5111,Stocks,02111,Cattle,2024,2024,An,3889278,A,Official value,
QCL,Crops and livestock products,410,Republic of Korea,5111,Stocks,02123,Goats,2024,2024,An,316833,E,Estimated value,
QCL,Crops and livestock products,410,Republic of Korea,5313,Laying,0231,"Hen eggs in shell, fresh",2024,2024,1000 An,79003,A,Official value,
QCL,Crops and livestock products,410,Republic of Korea,5321,Producing Animals/Slaughtered,21121,"Meat of chickens, fresh or chilled",2024,2024,1000 An,1083748,I,Value imputed by a receiving agency,
QCL,Crops and livestock products,410,Republic of Korea,5111,Stocks,02122,Sheep,2024,2024,An,1391,E,Estimated value,
QCL,Crops and livestock products,410,Republic of Korea,5111,Stocks,02140,Swine / pigs,2024,2024,An,10845848,A,Official value,
QCL,Crops and livestock products,498,Republic of Moldova,5111,Stocks,02111,Cattle,2024,2024,An,98817,A,Official value,
QCL,Crops and livestock products,498,Republic of Moldova,5111,Stocks,02123,Goats,2024,2024,An,138130,A,Official value,
QCL,Crops and livestock products,498,Republic of Moldova,5313,Laying,0231,"Hen eggs in shell, fresh",2024,2024,1000 An,3101,E,Estimated value,
QCL,Crops and livestock products,498,Republic of Moldova,5321,Producing Animals/Slaughtered,21121,"Meat of chickens, fresh or chilled",2024,2024,1000 An,43072,I,Value imputed by a receiving agency,
QCL,Crops and livestock products,498,Republic of Moldova,5111,Stocks,02122,Sheep,2024,2024,An,423608,A,Official value,
QCL,Crops and livestock products,498,Republic of Moldova,5111,Stocks,02140,Swine / pigs,2024,2024,An,379619,A,Official value,
QCL,Crops and livestock products,642,Romania,5111,Stocks,02111,Cattle,2024,2024,An,1809400,A,Official value,
QCL,Crops and livestock products,642,Romania,5111,Stocks,02123,Goats,2024,2024,An,1426100,A,Official value,
QCL,Crops and livestock products,642,Romania,5321,Producing Animals/Slaughtered,21121,"Meat of chickens, fresh or chilled",2024,2024,1000 An,320096,A,Official value,
QCL,Crops and livestock products,642,Romania,5111,Stocks,02122,Sheep,2024,2024,An,10443400,A,Official value,
QCL,Crops and livestock products,642,Romania,5111,Stocks,02140,Swine / pigs,2024,2024,An,3257500,A,Official value,
QCL,Crops and livestock products,643,Russian Federation,5111,Stocks,02111,Cattle,2024,2024,An,17373368,I,Value imputed by a receiving agency,
QCL,Crops and livestock products,643,Russian Federation,5111,Stocks,02123,Goats,2024,2024,An,1687316,I,Value imputed by a receiving agency,
QCL,Crops and livestock products,643,Russian Federation,5313,Laying,0231,"Hen eggs in shell, fresh",2024,2024,1000 An,162000,E,Estimated value,
QCL,Crops and livestock products,643,Russian Federation,5321,Producing Animals/Slaughtered,21121,"Meat of chickens, fresh or chilled",2024,2024,1000 An,2639286,I,Value imputed by a receiving agency,
QCL,Crops and livestock products,643,Russian Federation,5111,Stocks,02122,Sheep,2024,2024,An,19111986,I,Value imputed by a receiving agency,
QCL,Crops and livestock products,643,Russian Federation,5111,Stocks,02140,Swine / pigs,2024,2024,An,29015221,I,Value imputed by a receiving agency,
QCL,Crops and livestock products,646,Rwanda,5111,Stocks,02111,Cattle,2024,2024,An,1545688,I,Value imputed by a receiving agency,
QCL,Crops and livestock products,646,Rwanda,5111,Stocks,02123,Goats,2024,2024,An,1624105,I,Value imputed by a receiving agency,
QCL,Crops and livestock products,646,Rwanda,5313,Laying,0231,"Hen eggs in shell, fresh",2024,2024,1000 An,1359,E,Estimated value,
QCL,Crops and livestock products,646,Rwanda,5321,Producing Animals/Slaughtered,21121,"Meat of chickens, fresh or chilled",2024,2024,1000 An,4200,I,Value imputed by a receiving agency,
QCL,Crops and livestock products,646,Rwanda,5111,Stocks,02122,Sheep,2024,2024,An,288916,I,Value imputed by a receiving agency,
QCL,Crops and livestock products,646,Rwanda,5111,Stocks,02140,Swine / pigs,2024,2024,An,1062978,E,Estimated value,
QCL,Crops and livestock products,659,Saint Kitts and Nevis,5111,Stocks,02111,Cattle,2024,2024,An,1709,I,Value imputed by a receiving agency,
QCL,Crops and livestock products,659,Saint Kitts and Nevis,5111,Stocks,02123,Goats,2024,2024,An,8121,I,Value imputed by a receiving agency,
QCL,Crops and livestock products,659,Saint Kitts and Nevis,5313,Laying,0231,"Hen eggs in shell, fresh",2024,2024,1000 An,55,E,Estimated value,
QCL,Crops and livestock products,659,Saint Kitts and Nevis,5321,Producing Animals/Slaughtered,21121,"Meat of chickens, fresh or chilled",2024,2024,1000 An,43,E,Estimated value,
QCL,Crops and livestock products,659,Saint Kitts and Nevis,5111,Stocks,02122,Sheep,2024,2024,An,10993,E,Estimated value,
QCL,Crops and livestock products,659,Saint Kitts and Nevis,5111,Stocks,02140,Swine / pigs,2024,2024,An,2827,I,Value imputed by a receiving agency,
QCL,Crops and livestock products,662,Saint Lucia,5111,Stocks,02111,Cattle,2024,2024,An,10486,I,Value imputed by a receiving agency,
QCL,Crops and livestock products,662,Saint Lucia,5111,Stocks,02123,Goats,2024,2024,An,14792,E,Estimated value,
QCL,Crops and livestock products,662,Saint Lucia,5313,Laying,0231,"Hen eggs in shell, fresh",2024,2024,1000 An,90,I,Value imputed by a receiving agency,
QCL,Crops and livestock products,662,Saint Lucia,5321,Producing Animals/Slaughtered,21121,"Meat of chickens, fresh or chilled",2024,2024,1000 An,1185,I,Value imputed by a receiving agency,
QCL,Crops and livestock products,662,Saint Lucia,5111,Stocks,02122,Sheep,2024,2024,An,9146,E,Estimated value,
QCL,Crops and livestock products,662,Saint Lucia,5111,Stocks,02140,Swine / pigs,2024,2024,An,10039,E,Estimated value,
QCL,Crops and livestock products,670,Saint Vincent and the Grenadines,5111,Stocks,02111,Cattle,2024,2024,An,2600,E,Estimated value,
QCL,Crops and livestock products,670,Saint Vincent and the Grenadines,5111,Stocks,02123,Goats,2024,2024,An,10458,I,Value imputed by a receiving agency,
QCL,Crops and livestock products,670,Saint Vincent and the Grenadines,5313,Laying,0231,"Hen eggs in shell, fresh",2024,2024,1000 An,45,E,Estimated value,
QCL,Crops and livestock products,670,Saint Vincent and the Grenadines,5321,Producing Animals/Slaughtered,21121,"Meat of chickens, fresh or chilled",2024,2024,1000 An,211,E,Estimated value,
QCL,Crops and livestock products,670,Saint Vincent and the Grenadines,5111,Stocks,02122,Sheep,2024,2024,An,8496,I,Value imputed by a receiving agency,
QCL,Crops and livestock products,670,Saint Vincent and the Grenadines,5111,Stocks,02140,Swine / pigs,2024,2024,An,6876,I,Value imputed by a receiving agency,
QCL,Crops and livestock products,882,Samoa,5111,Stocks,02111,Cattle,2024,2024,An,38349,E,Estimated value,
QCL,Crops and livestock products,882,Samoa,5313,Laying,0231,"Hen eggs in shell, fresh",2024,2024,1000 An,74,E,Estimated value,
QCL,Crops and livestock products,882,Samoa,5321,Producing Animals/Slaughtered,21121,"Meat of chickens, fresh or chilled",2024,2024,1000 An,474,E,Estimated value,
QCL,Crops and livestock products,882,Samoa,5111,Stocks,02140,Swine / pigs,2024,2024,An,91647,E,Estimated value,
QCL,Crops and livestock products,678,Sao Tome and Principe,5111,Stocks,02111,Cattle,2024,2024,An,1588,E,Estimated value,
QCL,Crops and livestock products,678,Sao Tome and Principe,5111,Stocks,02123,Goats,2024,2024,An,6201,I,Value imputed by a receiving agency,
QCL,Crops and livestock products,678,Sao Tome and Principe,5313,Laying,0231,"Hen eggs in shell, fresh",2024,2024,1000 An,52,E,Estimated value,
QCL,Crops and livestock products,678,Sao Tome and Principe,5321,Producing Animals/Slaughtered,21121,"Meat of chickens, fresh or chilled",2024,2024,1000 An,595,E,Estimated value,
QCL,Crops and livestock products,678,Sao Tome and Principe,5111,Stocks,02122,Sheep,2024,2024,An,3386,I,Value imputed by a receiving agency,
QCL,Crops and livestock products,678,Sao Tome and Principe,5111,Stocks,02140,Swine / pigs,2024,2024,An,42594,E,Estimated value,
QCL,Crops and livestock products,682,Saudi Arabia,5111,Stocks,02111,Cattle,2024,2024,An,534181,I,Value imputed by a receiving agency,
QCL,Crops and livestock products,682,Saudi Arabia,5111,Stocks,02123,Goats,2024,2024,An,7758566,I,Value imputed by a receiving agency,
QCL,Crops and livestock products,682,Saudi Arabia,5313,Laying,0231,"Hen eggs in shell, fresh",2024,2024,1000 An,32086,E,Estimated value,
QCL,Crops and livestock products,682,Saudi Arabia,5321,Producing Animals/Slaughtered,21121,"Meat of chickens, fresh or chilled",2024,2024,1000 An,660759,E,Estimated value,
QCL,Crops and livestock products,682,Saudi Arabia,5111,Stocks,02122,Sheep,2024,2024,An,22428136,I,Value imputed by a receiving agency,
QCL,Crops and livestock products,686,Senegal,5111,Stocks,02111,Cattle,2024,2024,An,3714834,E,Estimated value,
QCL,Crops and livestock products,686,Senegal,5111,Stocks,02123,Goats,2024,2024,An,6918321,E,Estimated value,
QCL,Crops and livestock products,686,Senegal,5313,Laying,0231,"Hen eggs in shell, fresh",2024,2024,1000 An,21000,E,Estimated value,
QCL,Crops and livestock products,686,Senegal,5321,Producing Animals/Slaughtered,21121,"Meat of chickens, fresh or chilled",2024,2024,1000 An,102622,I,Value imputed by a receiving agency,
QCL,Crops and livestock products,686,Senegal,5111,Stocks,02122,Sheep,2024,2024,An,8726635,I,Value imputed by a receiving agency,
QCL,Crops and livestock products,686,Senegal,5111,Stocks,02140,Swine / pigs,2024,2024,An,503379,I,Value imputed by a receiving agency,
QCL,Crops and livestock products,688,Serbia,5111,Stocks,02111,Cattle,2024,2024,An,698605,A,Official value,
QCL,Crops and livestock products,688,Serbia,5111,Stocks,02123,Goats,2024,2024,An,119061,A,Official value,
QCL,Crops and livestock products,688,Serbia,5313,Laying,0231,"Hen eggs in shell, fresh",2024,2024,1000 An,7928,A,Official value,
QCL,Crops and livestock products,688,Serbia,5321,Producing Animals/Slaughtered,21121,"Meat of chickens, fresh or chilled",2024,2024,1000 An,78749,A,Official value,
QCL,Crops and livestock products,688,Serbia,5111,Stocks,02122,Sheep,2024,2024,An,1759424,A,Official value,
QCL,Crops and livestock products,688,Serbia,5111,Stocks,02140,Swine / pigs,2024,2024,An,2349176,A,Official value,
QCL,Crops and livestock products,690,Seychelles,5111,Stocks,02111,Cattle,2024,2024,An,557,I,Value imputed by a receiving agency,
QCL,Crops and livestock products,690,Seychelles,5111,Stocks,02123,Goats,2024,2024,An,5847,I,Value imputed by a receiving agency,
QCL,Crops and livestock products,690,Seychelles,5313,Laying,0231,"Hen eggs in shell, fresh",2024,2024,1000 An,176,E,Estimated value,
QCL,Crops and livestock products,690,Seychelles,5321,Producing Animals/Slaughtered,21121,"Meat of chickens, fresh or chilled",2024,2024,1000 An,436,A,Official value,
QCL,Crops and livestock products,690,Seychelles,5111,Stocks,02140,Swine / pigs,2024,2024,An,6903,I,Value imputed by a receiving agency,
QCL,Crops and livestock products,694,Sierra Leone,5111,Stocks,02111,Cattle,2024,2024,An,682125,E,Estimated value,
QCL,Crops and livestock products,694,Sierra Leone,5111,Stocks,02123,Goats,2024,2024,An,807401,I,Value imputed by a receiving agency,
QCL,Crops and livestock products,694,Sierra Leone,5313,Laying,0231,"Hen eggs in shell, fresh",2024,2024,1000 An,5021,E,Estimated value,
QCL,Crops and livestock products,694,Sierra Leone,5321,Producing Animals/Slaughtered,21121,"Meat of chickens, fresh or chilled",2024,2024,1000 An,23348,E,Estimated value,
QCL,Crops and livestock products,694,Sierra Leone,5111,Stocks,02122,Sheep,2024,2024,An,934780,E,Estimated value,
QCL,Crops and livestock products,694,Sierra Leone,5111,Stocks,02140,Swine / pigs,2024,2024,An,307970,E,Estimated value,
QCL,Crops and livestock products,702,Singapore,5111,Stocks,02111,Cattle,2024,2024,An,177,E,Estimated value,
QCL,Crops and livestock products,702,Singapore,5111,Stocks,02123,Goats,2024,2024,An,754,E,Estimated value,
QCL,Crops and livestock products,702,Singapore,5313,Laying,0231,"Hen eggs in shell, fresh",2024,2024,1000 An,4198,E,Estimated value,
QCL,Crops and livestock products,702,Singapore,5321,Producing Animals/Slaughtered,21121,"Meat of chickens, fresh or chilled",2024,2024,1000 An,36604,A,Official value,
QCL,Crops and livestock products,702,Singapore,5111,Stocks,02140,Swine / pigs,2024,2024,An,,M,Missing value; data cannot exist,
QCL,Crops and livestock products,703,Slovakia,5111,Stocks,02111,Cattle,2024,2024,An,416680,A,Official value,
QCL,Crops and livestock products,703,Slovakia,5313,Laying,0231,"Hen eggs in shell, fresh",2024,2024,1000 An,2221,A,Official value,
QCL,Crops and livestock products,703,Slovakia,5111,Stocks,02122,Sheep,2024,2024,An,276464,A,Official value,
QCL,Crops and livestock products,703,Slovakia,5111,Stocks,02140,Swine / pigs,2024,2024,An,412310,A,Official value,
QCL,Crops and livestock products,705,Slovenia,5111,Stocks,02111,Cattle,2024,2024,An,453890,A,Official value,
QCL,Crops and livestock products,705,Slovenia,5111,Stocks,02123,Goats,2024,2024,An,25125,A,Official value,
QCL,Crops and livestock products,705,Slovenia,5313,Laying,0231,"Hen eggs in shell, fresh",2024,2024,1000 An,1340,A,Official value,
QCL,Crops and livestock products,705,Slovenia,5321,Producing Animals/Slaughtered,21121,"Meat of chickens, fresh or chilled",2024,2024,1000 An,42993,A,Official value,
QCL,Crops and livestock products,705,Slovenia,5111,Stocks,02122,Sheep,2024,2024,An,116825,A,Official value,
QCL,Crops and livestock products,705,Slovenia,5111,Stocks,02140,Swine / pigs,2024,2024,An,232350,A,Official value,
QCL,Crops and livestock products,090,Solomon Islands,5111,Stocks,02111,Cattle,2024,2024,An,15381,I,Value imputed by a receiving agency,
QCL,Crops and livestock products,090,Solomon Islands,5313,Laying,0231,"Hen eggs in shell, fresh",2024,2024,1000 An,132,I,Value imputed by a receiving agency,
QCL,Crops and livestock products,090,Solomon Islands,5321,Producing Animals/Slaughtered,21121,"Meat of chickens, fresh or chilled",2024,2024,1000 An,357,I,Value imputed by a receiving agency,
QCL,Crops and livestock products,090,Solomon Islands,5111,Stocks,02140,Swine / pigs,2024,2024,An,55519,I,Value imputed by a receiving agency,
QCL,Crops and livestock products,706,Somalia,5111,Stocks,02111,Cattle,2024,2024,An,4788212,E,Estimated value,
QCL,Crops and livestock products,706,Somalia,5111,Stocks,02123,Goats,2024,2024,An,11301103,I,Value imputed by a receiving agency,
QCL,Crops and livestock products,706,Somalia,5313,Laying,0231,"Hen eggs in shell, fresh",2024,2024,1000 An,838,I,Value imputed by a receiving agency,
QCL,Crops and livestock products,706,Somalia,5321,Producing Animals/Slaughtered,21121,"Meat of chickens, fresh or chilled",2024,2024,1000 An,5110,I,Value imputed by a receiving agency,
QCL,Crops and livestock products,706,Somalia,5111,Stocks,02122,Sheep,2024,2024,An,7987932,E,Estimated value,
QCL,Crops and livestock products,706,Somalia,5111,Stocks,02140,Swine / pigs,2024,2024,An,3734,I,Value imputed by a receiving agency,
QCL,Crops and livestock products,710,South Africa,5111,Stocks,02111,Cattle,2024,2024,An,12122027,A,Official value,
QCL,Crops and livestock products,710,South Africa,5111,Stocks,02123,Goats,2024,2024,An,5100449,A,Official value,
QCL,Crops and livestock products,710,South Africa,5313,Laying,0231,"Hen eggs in shell, fresh",2024,2024,1000 An,38063,I,Value imputed by a receiving agency,
QCL,Crops and livestock products,710,South Africa,5321,Producing Animals/Slaughtered,21121,"Meat of chickens, fresh or chilled",2024,2024,1000 An,1045425,I,Value imputed by a receiving agency,
QCL,Crops and livestock products,710,South Africa,5111,Stocks,02122,Sheep,2024,2024,An,21240448,A,Official value,
QCL,Crops and livestock products,710,South Africa,5111,Stocks,02140,Swine / pigs,2024,2024,An,1315727,A,Official value,
QCL,Crops and livestock products,728,South Sudan,5111,Stocks,02111,Cattle,2024,2024,An,14282839,I,Value imputed by a receiving agency,
QCL,Crops and livestock products,728,South Sudan,5111,Stocks,02123,Goats,2024,2024,An,15668794,E,Estimated value,
QCL,Crops and livestock products,728,South Sudan,5321,Producing Animals/Slaughtered,21121,"Meat of chickens, fresh or chilled",2024,2024,1000 An,37968,I,Value imputed by a receiving agency,
QCL,Crops and livestock products,728,South Sudan,5111,Stocks,02122,Sheep,2024,2024,An,14353872,E,Estimated value,
QCL,Crops and livestock products,724,Spain,5111,Stocks,02111,Cattle,2024,2024,An,6173960,A,Official value,
QCL,Crops and livestock products,724,Spain,5111,Stocks,02123,Goats,2024,2024,An,2360950,A,Official value,
QCL,Crops and livestock products,724,Spain,5313,Laying,0231,"Hen eggs in shell, fresh",2024,2024,1000 An,50747,A,Official value,
QCL,Crops and livestock products,724,Spain,5321,Producing Animals/Slaughtered,21121,"Meat of chickens, fresh or chilled",2024,2024,1000 An,771590,A,Official value,
QCL,Crops and livestock products,724,Spain,5111,Stocks,02122,Sheep,2024,2024,An,13476030,A,Official value,
QCL,Crops and livestock products,724,Spain,5111,Stocks,02140,Swine / pigs,2024,2024,An,34565280,A,Official value,
QCL,Crops and livestock products,144,Sri Lanka,5111,Stocks,02111,Cattle,2024,2024,An,1125450,A,Official value,
QCL,Crops and livestock products,144,Sri Lanka,5111,Stocks,02123,Goats,2024,2024,An,351450,A,Official value,
QCL,Crops and livestock products,144,Sri Lanka,5313,Laying,0231,"Hen eggs in shell, fresh",2024,2024,1000 An,6260,A,Official value,
QCL,Crops and livestock products,144,Sri Lanka,5321,Producing Animals/Slaughtered,21121,"Meat of chickens, fresh or chilled",2024,2024,1000 An,145077,I,Value imputed by a receiving agency,
QCL,Crops and livestock products,144,Sri Lanka,5111,Stocks,02122,Sheep,2024,2024,An,17820,A,Official value,
QCL,Crops and livestock products,144,Sri Lanka,5111,Stocks,02140,Swine / pigs,2024,2024,An,109660,A,Official value,
QCL,Crops and livestock products,729,Sudan,5111,Stocks,02111,Cattle,2024,2024,An,31256148,I,Value imputed by a receiving agency,
QCL,Crops and livestock products,729,Sudan,5111,Stocks,02123,Goats,2024,2024,An,31879279,I,Value imputed by a receiving agency,
QCL,Crops and livestock products,729,Sudan,5313,Laying,0231,"Hen eggs in shell, fresh",2024,2024,1000 An,9760,I,Value imputed by a receiving agency,
QCL,Crops and livestock products,729,Sudan,5321,Producing Animals/Slaughtered,21121,"Meat of chickens, fresh or chilled",2024,2024,1000 An,33638,E,Estimated value,
QCL,Crops and livestock products,729,Sudan,5111,Stocks,02122,Sheep,2024,2024,An,40705303,I,Value imputed by a receiving agency,
QCL,Crops and livestock products,740,Suriname,5111,Stocks,02111,Cattle,2024,2024,An,28821,I,Value imputed by a receiving agency,
QCL,Crops and livestock products,740,Suriname,5111,Stocks,02123,Goats,2024,2024,An,4382,E,Estimated value,
QCL,Crops and livestock products,740,Suriname,5313,Laying,0231,"Hen eggs in shell, fresh",2024,2024,1000 An,1106,E,Estimated value,
QCL,Crops and livestock products,740,Suriname,5321,Producing Animals/Slaughtered,21121,"Meat of chickens, fresh or chilled",2024,2024,1000 An,5308,I,Value imputed by a receiving agency,
QCL,Crops and livestock products,740,Suriname,5111,Stocks,02122,Sheep,2024,2024,An,6626,I,Value imputed by a receiving agency,
QCL,Crops and livestock products,740,Suriname,5111,Stocks,02140,Swine / pigs,2024,2024,An,33632,I,Value imputed by a receiving agency,
QCL,Crops and livestock products,752,Sweden,5111,Stocks,02111,Cattle,2024,2024,An,1333820,A,Official value,
QCL,Crops and livestock products,752,Sweden,5321,Producing Animals/Slaughtered,21121,"Meat of chickens, fresh or chilled",2024,2024,1000 An,107028,A,Official value,
QCL,Crops and livestock products,752,Sweden,5111,Stocks,02122,Sheep,2024,2024,An,315790,A,Official value,
QCL,Crops and livestock products,752,Sweden,5111,Stocks,02140,Swine / pigs,2024,2024,An,1360460,A,Official value,
QCL,Crops and livestock products,756,Switzerland,5111,Stocks,02111,Cattle,2024,2024,An,1533483,A,Official value,
QCL,Crops and livestock products,756,Switzerland,5111,Stocks,02123,Goats,2024,2024,An,86796,A,Official value,
QCL,Crops and livestock products,756,Switzerland,5313,Laying,0231,"Hen eggs in shell, fresh",2024,2024,1000 An,3841,A,Official value,
QCL,Crops and livestock products,756,Switzerland,5321,Producing Animals/Slaughtered,21121,"Meat of chickens, fresh or chilled",2024,2024,1000 An,90024,I,Value imputed by a receiving agency,
QCL,Crops and livestock products,756,Switzerland,5111,Stocks,02122,Sheep,2024,2024,An,374239,A,Official value,
QCL,Crops and livestock products,756,Switzerland,5111,Stocks,02140,Swine / pigs,2024,2024,An,1274949,A,Official value,
QCL,Crops and livestock products,760,Syrian Arab Republic,5111,Stocks,02111,Cattle,2024,2024,An,826396,A,Official value,
QCL,Crops and livestock products,760,Syrian Arab Republic,5111,Stocks,02123,Goats,2024,2024,An,2080141,A,Official value,
QCL,Crops and livestock products,760,Syrian Arab Republic,5313,Laying,0231,"Hen eggs in shell, fresh",2024,2024,1000 An,12993,A,Official value,
QCL,Crops and livestock products,760,Syrian Arab Republic,5321,Producing Animals/Slaughtered,21121,"Meat of chickens, fresh or chilled",2024,2024,1000 An,107669,I,Value imputed by a receiving agency,
QCL,Crops and livestock products,760,Syrian Arab Republic,5111,Stocks,02122,Sheep,2024,2024,An,17928586,A,Official value,
QCL,Crops and livestock products,760,Syrian Arab Republic,5111,Stocks,02140,Swine / pigs,2024,2024,An,13,I,Value imputed by a receiving agency,
QCL,Crops and livestock products,762,Tajikistan,5111,Stocks,02111,Cattle,2024,2024,An,2789212,A,Official value,
QCL,Crops and livestock products,762,Tajikistan,5111,Stocks,02123,Goats,2024,2024,An,2226215,I,Value imputed by a receiving agency,
QCL,Crops and livestock products,762,Tajikistan,5313,Laying,0231,"Hen eggs in shell, fresh",2024,2024,1000 An,4865,E,Estimated value,
QCL,Crops and livestock products,762,Tajikistan,5321,Producing Animals/Slaughtered,21121,"Meat of chickens, fresh or chilled",2024,2024,1000 An,20898,E,Estimated value,
QCL,Crops and livestock products,762,Tajikistan,5111,Stocks,02122,Sheep,2024,2024,An,4283000,E,Estimated value,
QCL,Crops and livestock products,762,Tajikistan,5111,Stocks,02140,Swine / pigs,2024,2024,An,400,E,Estimated value,
QCL,Crops and livestock products,764,Thailand,5111,Stocks,02111,Cattle,2024,2024,An,4293189,E,Estimated value,
QCL,Crops and livestock products,764,Thailand,5111,Stocks,02123,Goats,2024,2024,An,483791,E,Estimated value,
QCL,Crops and livestock products,764,Thailand,5313,Laying,0231,"Hen eggs in shell, fresh",2024,2024,1000 An,97665,I,Value imputed by a receiving agency,
QCL,Crops and livestock products,764,Thailand,5321,Producing Animals/Slaughtered,21121,"Meat of chickens, fresh or chilled",2024,2024,1000 An,1340054,E,Estimated value,
QCL,Crops and livestock products,764,Thailand,5111,Stocks,02122,Sheep,2024,2024,An,41664,I,Value imputed by a receiving agency,
QCL,Crops and livestock products,764,Thailand,5111,Stocks,02140,Swine / pigs,2024,2024,An,7867214,I,Value imputed by a receiving agency,
QCL,Crops and livestock products,626,Timor-Leste,5111,Stocks,02111,Cattle,2024,2024,An,238902,E,Estimated value,
QCL,Crops and livestock products,626,Timor-Leste,5111,Stocks,02123,Goats,2024,2024,An,145192,I,Value imputed by a receiving agency,
QCL,Crops and livestock products,626,Timor-Leste,5313,Laying,0231,"Hen eggs in shell, fresh",2024,2024,1000 An,148,E,Estimated value,
QCL,Crops and livestock products,626,Timor-Leste,5321,Producing Animals/Slaughtered,21121,"Meat of chickens, fresh or chilled",2024,2024,1000 An,603,I,Value imputed by a receiving agency,
QCL,Crops and livestock products,626,Timor-Leste,5111,Stocks,02122,Sheep,2024,2024,An,39000,E,Estimated value,
QCL,Crops and livestock products,626,Timor-Leste,5111,Stocks,02140,Swine / pigs,2024,2024,An,385128,I,Value imputed by a receiving agency,
QCL,Crops and livestock products,768,Togo,5111,Stocks,02111,Cattle,2024,2024,An,477388,I,Value imputed by a receiving agency,
QCL,Crops and livestock products,768,Togo,5111,Stocks,02123,Goats,2024,2024,An,5960087,I,Value imputed by a receiving agency,
QCL,Crops and livestock products,768,Togo,5313,Laying,0231,"Hen eggs in shell, fresh",2024,2024,1000 An,4344,E,Estimated value,
QCL,Crops and livestock products,768,Togo,5321,Producing Animals/Slaughtered,21121,"Meat of chickens, fresh or chilled",2024,2024,1000 An,47728,E,Estimated value,
QCL,Crops and livestock products,768,Togo,5111,Stocks,02122,Sheep,2024,2024,An,2029331,I,Value imputed by a receiving agency,
QCL,Crops and livestock products,768,Togo,5111,Stocks,02140,Swine / pigs,2024,2024,An,1167893,I,Value imputed by a receiving agency,
QCL,Crops and livestock products,776,Tonga,5111,Stocks,02111,Cattle,2024,2024,An,12196,I,Value imputed by a receiving agency,
QCL,Crops and livestock products,776,Tonga,5111,Stocks,02123,Goats,2024,2024,An,14826,E,Estimated value,
QCL,Crops and livestock products,776,Tonga,5313,Laying,0231,"Hen eggs in shell, fresh",2024,2024,1000 An,80,I,Value imputed by a receiving agency,
QCL,Crops and livestock products,776,Tonga,5321,Producing Animals/Slaughtered,21121,"Meat of chickens, fresh or chilled",2024,2024,1000 An,371,I,Value imputed by a receiving agency,
QCL,Crops and livestock products,776,Tonga,5111,Stocks,02140,Swine / pigs,2024,2024,An,85523,I,Value imputed by a receiving agency,
QCL,Crops and livestock products,780,Trinidad and Tobago,5111,Stocks,02111,Cattle,2024,2024,An,35419,I,Value imputed by a receiving agency,
QCL,Crops and livestock products,780,Trinidad and Tobago,5111,Stocks,02123,Goats,2024,2024,An,12687,A,Official value,
QCL,Crops and livestock products,780,Trinidad and Tobago,5313,Laying,0231,"Hen eggs in shell, fresh",2024,2024,1000 An,1064,I,Value imputed by a receiving agency,
QCL,Crops and livestock products,780,Trinidad and Tobago,5321,Producing Animals/Slaughtered,21121,"Meat of chickens, fresh or chilled",2024,2024,1000 An,34042,A,Official value,
QCL,Crops and livestock products,780,Trinidad and Tobago,5111,Stocks,02122,Sheep,2024,2024,An,15471,A,Official value,
QCL,Crops and livestock products,780,Trinidad and Tobago,5111,Stocks,02140,Swine / pigs,2024,2024,An,31010,A,Official value,
QCL,Crops and livestock products,788,Tunisia,5111,Stocks,02111,Cattle,2024,2024,An,495935,E,Estimated value,
QCL,Crops and livestock products,788,Tunisia,5111,Stocks,02123,Goats,2024,2024,An,1129662,E,Estimated value,
QCL,Crops and livestock products,788,Tunisia,5313,Laying,0231,"Hen eggs in shell, fresh",2024,2024,1000 An,26694,I,Value imputed by a receiving agency,
QCL,Crops and livestock products,788,Tunisia,5321,Producing Animals/Slaughtered,21121,"Meat of chickens, fresh or chilled",2024,2024,1000 An,114165,E,Estimated value,
QCL,Crops and livestock products,788,Tunisia,5111,Stocks,02122,Sheep,2024,2024,An,6094960,I,Value imputed by a receiving agency,
QCL,Crops and livestock products,788,Tunisia,5111,Stocks,02140,Swine / pigs,2024,2024,An,5449,I,Value imputed by a receiving agency,
QCL,Crops and livestock products,792,Türkiye,5111,Stocks,02111,Cattle,2024,2024,An,16824208,A,Official value,
QCL,Crops and livestock products,792,Türkiye,5111,Stocks,02123,Goats,2024,2024,An,10822084,A,Official value,
QCL,Crops and livestock products,792,Türkiye,5313,Laying,0231,"Hen eggs in shell, fresh",2024,2024,1000 An,109100,A,Official value,
QCL,Crops and livestock products,792,Türkiye,5321,Producing Animals/Slaughtered,21121,"Meat of chickens, fresh or chilled",2024,2024,1000 An,1367772,A,Official value,
QCL,Crops and livestock products,792,Türkiye,5111,Stocks,02122,Sheep,2024,2024,An,44080584,A,Official value,
QCL,Crops and livestock products,792,Türkiye,5111,Stocks,02140,Swine / pigs,2024,2024,An,1724,A,Official value,
QCL,Crops and livestock products,795,Turkmenistan,5111,Stocks,02111,Cattle,2024,2024,An,2545439,A,Official value,
QCL,Crops and livestock products,795,Turkmenistan,5111,Stocks,02123,Goats,2024,2024,An,4779099,A,Official value,
QCL,Crops and livestock products,795,Turkmenistan,5313,Laying,0231,"Hen eggs in shell, fresh",2024,2024,1000 An,8748,A,Official value,
QCL,Crops and livestock products,795,Turkmenistan,5321,Producing Animals/Slaughtered,21121,"Meat of chickens, fresh or chilled",2024,2024,1000 An,18865,I,Value imputed by a receiving agency,
QCL,Crops and livestock products,795,Turkmenistan,5111,Stocks,02122,Sheep,2024,2024,An,14270745,A,Official value,
QCL,Crops and livestock products,795,Turkmenistan,5111,Stocks,02140,Swine / pigs,2024,2024,An,7890,A,Official value,
QCL,Crops and livestock products,798,Tuvalu,5111,Stocks,02123,Goats,2024,2024,An,,M,Missing value; data cannot exist,
QCL,Crops and livestock products,798,Tuvalu,5313,Laying,0231,"Hen eggs in shell, fresh",2024,2024,1000 An,11,I,Value imputed by a receiving agency,
QCL,Crops and livestock products,798,Tuvalu,5321,Producing Animals/Slaughtered,21121,"Meat of chickens, fresh or chilled",2024,2024,1000 An,67,I,Value imputed by a receiving agency,
QCL,Crops and livestock products,798,Tuvalu,5111,Stocks,02140,Swine / pigs,2024,2024,An,14795,I,Value imputed by a receiving agency,
QCL,Crops and livestock products,800,Uganda,5111,Stocks,02111,Cattle,2024,2024,An,14723179,I,Value imputed by a receiving agency,
QCL,Crops and livestock products,800,Uganda,5111,Stocks,02123,Goats,2024,2024,An,17401773,E,Estimated value,
QCL,Crops and livestock products,800,Uganda,5313,Laying,0231,"Hen eggs in shell, fresh",2024,2024,1000 An,8511,E,Estimated value,
QCL,Crops and livestock products,800,Uganda,5321,Producing Animals/Slaughtered,21121,"Meat of chickens, fresh or chilled",2024,2024,1000 An,103196,E,Estimated value,
QCL,Crops and livestock products,800,Uganda,5111,Stocks,02122,Sheep,2024,2024,An,4373676,I,Value imputed by a receiving agency,
QCL,Crops and livestock products,800,Uganda,5111,Stocks,02140,Swine / pigs,2024,2024,An,7053559,I,Value imputed by a receiving agency,
QCL,Crops and livestock products,804,Ukraine,5111,Stocks,02111,Cattle,2024,2024,An,2156200,A,Official value,
QCL,Crops and livestock products,804,Ukraine,5111,Stocks,02123,Goats,2024,2024,An,418300,A,Official value,
QCL,Crops and livestock products,804,Ukraine,5313,Laying,0231,"Hen eggs in shell, fresh",2024,2024,1000 An,79600,E,Estimated value,
QCL,Crops and livestock products,804,Ukraine,5321,Producing Animals/Slaughtered,21121,"Meat of chickens, fresh or chilled",2024,2024,1000 An,608000,E,Estimated value,
QCL,Crops and livestock products,804,Ukraine,5111,Stocks,02122,Sheep,2024,2024,An,488000,A,Official value,
QCL,Crops and livestock products,804,Ukraine,5111,Stocks,02140,Swine / pigs,2024,2024,An,4521100,A,Official value,
QCL,Crops and livestock products,784,United Arab Emirates,5111,Stocks,02111,Cattle,2024,2024,An,119098,I,Value imputed by a receiving agency,
QCL,Crops and livestock products,784,United Arab Emirates,5111,Stocks,02123,Goats,2024,2024,An,2242959,E,Estimated value,
QCL,Crops and livestock products,784,United Arab Emirates,5313,Laying,0231,"Hen eggs in shell, fresh",2024,2024,1000 An,4715,E,Estimated value,
QCL,Crops and livestock products,784,United Arab Emirates,5321,Producing Animals/Slaughtered,21121,"Meat of chickens, fresh or chilled",2024,2024,1000 An,43937,I,Value imputed by a receiving agency,
QCL,Crops and livestock products,784,United Arab Emirates,5111,Stocks,02122,Sheep,2024,2024,An,2045170,I,Value imputed by a receiving agency,
QCL,Crops and livestock products,826,United Kingdom of Great Britain and Northern Ireland,5111,Stocks,02111,Cattle,2024,2024,An,9411871,A,Official value,
QCL,Crops and livestock products,826,United Kingdom of Great Britain and Northern Ireland,5111,Stocks,02123,Goats,2024,2024,An,111000,A,Official value,
QCL,Crops and livestock products,826,United Kingdom of Great Britain and Northern Ireland,5313,Laying,0231,"Hen eggs in shell, fresh",2024,2024,1000 An,55401,I,Value imputed by a receiving agency,
QCL,Crops and livestock products,826,United Kingdom of Great Britain and Northern Ireland,5321,Producing Animals/Slaughtered,21121,"Meat of chickens, fresh or chilled",2024,2024,1000 An,1178200,A,Official value,
QCL,Crops and livestock products,826,United Kingdom of Great Britain and Northern Ireland,5111,Stocks,02122,Sheep,2024,2024,An,31016701,A,Official value,
QCL,Crops and livestock products,826,United Kingdom of Great Britain and Northern Ireland,5111,Stocks,02140,Swine / pigs,2024,2024,An,4715669,A,Official value,
QCL,Crops and livestock products,834,United Republic of Tanzania,5111,Stocks,02111,Cattle,2024,2024,An,39053013,I,Value imputed by a receiving agency,
QCL,Crops and livestock products,834,United Republic of Tanzania,5111,Stocks,02123,Goats,2024,2024,An,28630227,I,Value imputed by a receiving agency,
QCL,Crops and livestock products,834,United Republic of Tanzania,5313,Laying,0231,"Hen eggs in shell, fresh",2024,2024,1000 An,43639,E,Estimated value,
QCL,Crops and livestock products,834,United Republic of Tanzania,5321,Producing Animals/Slaughtered,21121,"Meat of chickens, fresh or chilled",2024,2024,1000 An,101213,I,Value imputed by a receiving agency,
QCL,Crops and livestock products,834,United Republic of Tanzania,5111,Stocks,02122,Sheep,2024,2024,An,9505944,I,Value imputed by a receiving agency,
QCL,Crops and livestock products,834,United Republic of Tanzania,5111,Stocks,02140,Swine / pigs,2024,2024,An,539088,I,Value imputed by a receiving agency,
QCL,Crops and livestock products,840,United States of America,5111,Stocks,02111,Cattle,2024,2024,An,87157400,A,Official value,
QCL,Crops and livestock products,840,United States of America,5111,Stocks,02123,Goats,2024,2024,An,2470000,A,Official value,
QCL,Crops and livestock products,840,United States of America,5313,Laying,0231,"Hen eggs in shell, fresh",2024,2024,1000 An,374706,A,Official value,
QCL,Crops and livestock products,840,United States of America,5321,Producing Animals/Slaughtered,21121,"Meat of chickens, fresh or chilled",2024,2024,1000 An,9574243,A,Official value,
QCL,Crops and livestock products,840,United States of America,5111,Stocks,02122,Sheep,2024,2024,An,5030000,A,Official value,
QCL,Crops and livestock products,840,United States of America,5111,Stocks,02140,Swine / pigs,2024,2024,An,74905400,A,Official value,
QCL,Crops and livestock products,858,Uruguay,5111,Stocks,02111,Cattle,2024,2024,An,11960556,I,Value imputed by a receiving agency,
QCL,Crops and livestock products,858,Uruguay,5111,Stocks,02123,Goats,2024,2024,An,18520,I,Value imputed by a receiving agency,
QCL,Crops and livestock products,858,Uruguay,5313,Laying,0231,"Hen eggs in shell, fresh",2024,2024,1000 An,2860,E,Estimated value,
QCL,Crops and livestock products,858,Uruguay,5321,Producing Animals/Slaughtered,21121,"Meat of chickens, fresh or chilled",2024,2024,1000 An,32507,E,Estimated value,
QCL,Crops and livestock products,858,Uruguay,5111,Stocks,02122,Sheep,2024,2024,An,5654270,I,Value imputed by a receiving agency,
QCL,Crops and livestock products,858,Uruguay,5111,Stocks,02140,Swine / pigs,2024,2024,An,147258,I,Value imputed by a receiving agency,
QCL,Crops and livestock products,860,Uzbekistan,5111,Stocks,02111,Cattle,2024,2024,An,14394476,A,Official value,
QCL,Crops and livestock products,860,Uzbekistan,5111,Stocks,02123,Goats,2024,2024,An,3595100,A,Official value,
QCL,Crops and livestock products,860,Uzbekistan,5313,Laying,0231,"Hen eggs in shell, fresh",2024,2024,1000 An,38283,I,Value imputed by a receiving agency,
QCL,Crops and livestock products,860,Uzbekistan,5321,Producing Animals/Slaughtered,21121,"Meat of chickens, fresh or chilled",2024,2024,1000 An,88482,E,Estimated value,
QCL,Crops and livestock products,860,Uzbekistan,5111,Stocks,02122,Sheep,2024,2024,An,21028100,A,Official value,
QCL,Crops and livestock products,860,Uzbekistan,5111,Stocks,02140,Swine / pigs,2024,2024,An,39817,A,Official value,
QCL,Crops and livestock products,548,Vanuatu,5111,Stocks,02111,Cattle,2024,2024,An,89000,E,Estimated value,
QCL,Crops and livestock products,548,Vanuatu,5111,Stocks,02123,Goats,2024,2024,An,9509,I,Value imputed by a receiving agency,
QCL,Crops and livestock products,548,Vanuatu,5313,Laying,0231,"Hen eggs in shell, fresh",2024,2024,1000 An,147,E,Estimated value,
QCL,Crops and livestock products,548,Vanuatu,5321,Producing Animals/Slaughtered,21121,"Meat of chickens, fresh or chilled",2024,2024,1000 An,548,I,Value imputed by a receiving agency,
QCL,Crops and livestock products,548,Vanuatu,5111,Stocks,02122,Sheep,2024,2024,An,1260,I,Value imputed by a receiving agency,
QCL,Crops and livestock products,548,Vanuatu,5111,Stocks,02140,Swine / pigs,2024,2024,An,76165,I,Value imputed by a receiving agency,
QCL,Crops and livestock products,862,Venezuela (Bolivarian Republic of),5111,Stocks,02111,Cattle,2024,2024,An,15749209,I,Value imputed by a receiving agency,
QCL,Crops and livestock products,862,Venezuela (Bolivarian Republic of),5111,Stocks,02123,Goats,2024,2024,An,1336543,I,Value imputed by a receiving agency,
QCL,Crops and livestock products,862,Venezuela (Bolivarian Republic of),5313,Laying,0231,"Hen eggs in shell, fresh",2024,2024,1000 An,11700,E,Estimated value,
QCL,Crops and livestock products,862,Venezuela (Bolivarian Republic of),5321,Producing Animals/Slaughtered,21121,"Meat of chickens, fresh or chilled",2024,2024,1000 An,294013,E,Estimated value,
QCL,Crops and livestock products,862,Venezuela (Bolivarian Republic of),5111,Stocks,02122,Sheep,2024,2024,An,629786,I,Value imputed by a receiving agency,
QCL,Crops and livestock products,862,Venezuela (Bolivarian Republic of),5111,Stocks,02140,Swine / pigs,2024,2024,An,2311261,E,Estimated value,
QCL,Crops and livestock products,704,Viet Nam,5111,Stocks,02111,Cattle,2024,2024,An,6212203,A,Official value,
QCL,Crops and livestock products,704,Viet Nam,5111,Stocks,02123,Goats,2024,2024,An,3166435,I,Value imputed by a receiving agency,
QCL,Crops and livestock products,704,Viet Nam,5313,Laying,0231,"Hen eggs in shell, fresh",2024,2024,1000 An,123073,E,Estimated value,
QCL,Crops and livestock products,704,Viet Nam,5321,Producing Animals/Slaughtered,21121,"Meat of chickens, fresh or chilled",2024,2024,1000 An,687029,I,Value imputed by a receiving agency,
QCL,Crops and livestock products,704,Viet Nam,5111,Stocks,02140,Swine / pigs,2024,2024,An,26519409,A,Official value,
QCL,Crops and livestock products,887,Yemen,5111,Stocks,02111,Cattle,2024,2024,An,1971664,I,Value imputed by a receiving agency,
QCL,Crops and livestock products,887,Yemen,5111,Stocks,02123,Goats,2024,2024,An,10367015,I,Value imputed by a receiving agency,
QCL,Crops and livestock products,887,Yemen,5313,Laying,0231,"Hen eggs in shell, fresh",2024,2024,1000 An,9972,E,Estimated value,
QCL,Crops and livestock products,887,Yemen,5321,Producing Animals/Slaughtered,21121,"Meat of chickens, fresh or chilled",2024,2024,1000 An,189001,E,Estimated value,
QCL,Crops and livestock products,887,Yemen,5111,Stocks,02122,Sheep,2024,2024,An,10799861,I,Value imputed by a receiving agency,
QCL,Crops and livestock products,894,Zambia,5111,Stocks,02111,Cattle,2024,2024,An,4887687,I,Value imputed by a receiving agency,
QCL,Crops and livestock products,894,Zambia,5111,Stocks,02123,Goats,2024,2024,An,6011286,I,Value imputed by a receiving agency,
QCL,Crops and livestock products,894,Zambia,5313,Laying,0231,"Hen eggs in shell, fresh",2024,2024,1000 An,11304,I,Value imputed by a receiving agency,
QCL,Crops and livestock products,894,Zambia,5321,Producing Animals/Slaughtered,21121,"Meat of chickens, fresh or chilled",2024,2024,1000 An,50201,E,Estimated value,
QCL,Crops and livestock products,894,Zambia,5111,Stocks,02122,Sheep,2024,2024,An,330243,I,Value imputed by a receiving agency,
QCL,Crops and livestock products,894,Zambia,5111,Stocks,02140,Swine / pigs,2024,2024,An,1501285,I,Value imputed by a receiving agency,
QCL,Crops and livestock products,716,Zimbabwe,5111,Stocks,02111,Cattle,2024,2024,An,5741397,A,Official value,
QCL,Crops and livestock products,716,Zimbabwe,5111,Stocks,02123,Goats,2024,2024,An,4883669,A,Official value,
QCL,Crops and livestock products,716,Zimbabwe,5313,Laying,0231,"Hen eggs in shell, fresh",2024,2024,1000 An,10394,E,Estimated value,
QCL,Crops and livestock products,716,Zimbabwe,5321,Producing Animals/Slaughtered,21121,"Meat of chickens, fresh or chilled",2024,2024,1000 An,68062,E,Estimated value,
QCL,Crops and livestock products,716,Zimbabwe,5111,Stocks,02122,Sheep,2024,2024,An,746277,A,Official value,
QCL,Crops and livestock products,716,Zimbabwe,5111,Stocks,02140,Swine / pigs,2024,2024,An,301747,A,Official value,
